"Aba","Fejér"
"Abádszalók","Jász-Nagykun-Szolnok"
"Abaliget","Baranya"
"Abasár","Heves"
"Abaújalpár","Borsod-Abaúj-Zemplén"
"Abaújkér","Borsod-Abaúj-Zemplén"
"Abaújlak","Borsod-Abaúj-Zemplén"
"Abaújszántó","Borsod-Abaúj-Zemplén"
"Abaújszolnok","Borsod-Abaúj-Zemplén"
"Abaújvár","Borsod-Abaúj-Zemplén"
"Abda","Győr-Moson-Sopron"
"Abod","Borsod-Abaúj-Zemplén"
"Abony","Pest"
"Ábrahámhegy","Veszprém"
"Ács","Komárom-Esztergom"
"Acsa","Pest"
"Acsád","Vas"
"Acsalag","Győr-Moson-Sopron"
"Ácsteszér","Komárom-Esztergom"
"Adács","Heves"
"Ádánd","Somogy"
"Adásztevel","Veszprém"
"Adony","Fejér"
"Adorjánháza","Veszprém"
"Adorjás","Baranya"
"Ág","Baranya"
"Ágasegyháza","Bács-Kiskun"
"Ágfalva","Győr-Moson-Sopron"
"Aggtelek","Borsod-Abaúj-Zemplén"
"Agyagosszergény","Győr-Moson-Sopron"
"Ajak","Szabolcs-Szatmár-Bereg"
"Ajka","Veszprém"
"Aka","Komárom-Esztergom"
"Akasztó","Bács-Kiskun"
"Alacska","Borsod-Abaúj-Zemplén"
"Alap","Fejér"
"Alattyán","Jász-Nagykun-Szolnok"
"Albertirsa","Pest"
"Alcsútdoboz","Fejér"
"Aldebrő","Heves"
"Algyő","Csongrád"
"Alibánfa","Zala"
"Almamellék","Baranya"
"Almásfüzitő","Komárom-Esztergom"
"Almásháza","Zala"
"Almáskamarás","Békés"
"Almáskeresztúr","Baranya"
"Álmosd","Hajdú-Bihar"
"Alsóberecki","Borsod-Abaúj-Zemplén"
"Alsóbogát","Somogy"
"Alsódobsza","Borsod-Abaúj-Zemplén"
"Alsógagy","Borsod-Abaúj-Zemplén"
"Alsómocsolád","Baranya"
"Alsónána","Tolna"
"Alsónémedi","Pest"
"Alsónemesapáti","Zala"
"Alsónyék","Tolna"
"Alsóörs","Veszprém"
"Alsópáhok","Zala"
"Alsópetény","Nógrád"
"Alsórajk","Zala"
"Alsóregmec","Borsod-Abaúj-Zemplén"
"Alsószenterzsébet","Zala"
"Alsószentiván","Fejér"
"Alsószentmárton","Baranya"
"Alsószölnök","Vas"
"Alsószuha","Borsod-Abaúj-Zemplén"
"Alsótelekes","Borsod-Abaúj-Zemplén"
"Alsótold","Nógrád"
"Alsóújlak","Vas"
"Alsóvadász","Borsod-Abaúj-Zemplén"
"Alsózsolca","Borsod-Abaúj-Zemplén"
"Ambrózfalva","Csongrád"
"Anarcs","Szabolcs-Szatmár-Bereg"
"Andocs","Somogy"
"Andornaktálya","Heves"
"Andrásfa","Vas"
"Annavölgy","Komárom-Esztergom"
"Apácatorna","Veszprém"
"Apagy","Szabolcs-Szatmár-Bereg"
"Apaj","Pest"
"Aparhant","Tolna"
"Apátfalva","Csongrád"
"Apátistvánfalva","Vas"
"Apátvarasd","Baranya"
"Apc","Heves"
"Áporka","Pest"
"Apostag","Bács-Kiskun"
"Aranyosapáti","Szabolcs-Szatmár-Bereg"
"Aranyosgadány","Baranya"
"Arka","Borsod-Abaúj-Zemplén"
"Arló","Borsod-Abaúj-Zemplén"
"Arnót","Borsod-Abaúj-Zemplén"
"Ároktő","Borsod-Abaúj-Zemplén"
"Árpádhalom","Csongrád"
"Árpás","Győr-Moson-Sopron"
"Ártánd","Hajdú-Bihar"
"Ásotthalom","Csongrád"
"Ásványráró","Győr-Moson-Sopron"
"Aszaló","Borsod-Abaúj-Zemplén"
"Ászár","Komárom-Esztergom"
"Aszód","Pest"
"Aszófő","Veszprém"
"Áta","Baranya"
"Átány","Heves"
"Atkár","Heves"
"Attala","Tolna"
"Babarc","Baranya"
"Babarcszőlős","Baranya"
"Babócsa","Somogy"
"Bábolna","Komárom-Esztergom"
"Bábonymegyer","Somogy"
"Babosdöbréte","Zala"
"Babót","Győr-Moson-Sopron"
"Bácsalmás","Bács-Kiskun"
"Bácsbokod","Bács-Kiskun"
"Bácsborsód","Bács-Kiskun"
"Bácsszentgyörgy","Bács-Kiskun"
"Bácsszőlős","Bács-Kiskun"
"Badacsonytomaj","Veszprém"
"Badacsonytördemic","Veszprém"
"Bag","Pest"
"Bagamér","Hajdú-Bihar"
"Baglad","Zala"
"Bagod","Zala"
"Bágyogszovát","Győr-Moson-Sopron"
"Baj","Komárom-Esztergom"
"Baja","Bács-Kiskun"
"Bajánsenye","Vas"
"Bajna","Komárom-Esztergom"
"Bajót","Komárom-Esztergom"
"Bak","Zala"
"Bakháza","Somogy"
"Bakóca","Baranya"
"Bakonszeg","Hajdú-Bihar"
"Bakonya","Baranya"
"Bakonybánk","Komárom-Esztergom"
"Bakonybél","Veszprém"
"Bakonycsernye","Fejér"
"Bakonygyirót","Győr-Moson-Sopron"
"Bakonyjákó","Veszprém"
"Bakonykoppány","Veszprém"
"Bakonykúti","Fejér"
"Bakonynána","Veszprém"
"Bakonyoszlop","Veszprém"
"Bakonypéterd","Győr-Moson-Sopron"
"Bakonypölöske","Veszprém"
"Bakonyság","Veszprém"
"Bakonysárkány","Komárom-Esztergom"
"Bakonyszentiván","Veszprém"
"Bakonyszentkirály","Veszprém"
"Bakonyszentlászló","Győr-Moson-Sopron"
"Bakonyszombathely","Komárom-Esztergom"
"Bakonyszücs","Veszprém"
"Bakonytamási","Veszprém"
"Baks","Csongrád"
"Baksa","Baranya"
"Baktakék","Borsod-Abaúj-Zemplén"
"Baktalórántháza","Szabolcs-Szatmár-Bereg"
"Baktüttös","Zala"
"Balajt","Borsod-Abaúj-Zemplén"
"Balassagyarmat","Nógrád"
"Balástya","Csongrád"
"Balaton","Heves"
"Balatonakali","Veszprém"
"Balatonalmádi","Veszprém"
"Balatonberény","Somogy"
"Balatonboglár","Somogy"
"Balatoncsicsó","Veszprém"
"Balatonederics","Veszprém"
"Balatonendréd","Somogy"
"Balatonfenyves","Somogy"
"Balatonfőkajár","Veszprém"
"Balatonföldvár","Somogy"
"Balatonfüred","Veszprém"
"Balatonfűzfő","Veszprém"
"Balatongyörök","Zala"
"Balatonhenye","Veszprém"
"Balatonkenese","Veszprém"
"Balatonkeresztúr","Somogy"
"Balatonlelle","Somogy"
"Balatonmagyaród","Zala"
"Balatonmáriafürdő","Somogy"
"Balatonőszöd","Somogy"
"Balatonrendes","Veszprém"
"Balatonszabadi","Somogy"
"Balatonszárszó","Somogy"
"Balatonszemes","Somogy"
"Balatonszentgyörgy","Somogy"
"Balatonszepezd","Veszprém"
"Balatonszőlős","Veszprém"
"Balatonudvari","Veszprém"
"Balatonújlak","Somogy"
"Balatonvilágos","Veszprém"
"Balinka","Fejér"
"Balkány","Szabolcs-Szatmár-Bereg"
"Ballószög","Bács-Kiskun"
"Balmazújváros","Hajdú-Bihar"
"Balogunyom","Vas"
"Balotaszállás","Bács-Kiskun"
"Balsa","Szabolcs-Szatmár-Bereg"
"Bálványos","Somogy"
"Bana","Komárom-Esztergom"
"Bánd","Veszprém"
"Bánfa","Baranya"
"Bánhorváti","Borsod-Abaúj-Zemplén"
"Bánk","Nógrád"
"Bánokszentgyörgy","Zala"
"Bánréve","Borsod-Abaúj-Zemplén"
"Bár","Baranya"
"Barabás","Szabolcs-Szatmár-Bereg"
"Baracs","Fejér"
"Baracska","Fejér"
"Báránd","Hajdú-Bihar"
"Baranyahídvég","Baranya"
"Baranyajenő","Baranya"
"Baranyaszentgyörgy","Baranya"
"Barbacs","Győr-Moson-Sopron"
"Barcs","Somogy"
"Bárdudvarnok","Somogy"
"Barlahida","Zala"
"Bárna","Nógrád"
"Barnag","Veszprém"
"Bársonyos","Komárom-Esztergom"
"Basal","Baranya"
"Baskó","Borsod-Abaúj-Zemplén"
"Báta","Tolna"
"Bátaapáti","Tolna"
"Bátaszék","Tolna"
"Baté","Somogy"
"Bátmonostor","Bács-Kiskun"
"Bátonyterenye","Nógrád"
"Bátor","Heves"
"Bátorliget","Szabolcs-Szatmár-Bereg"
"Battonya","Békés"
"Bátya","Bács-Kiskun"
"Batyk","Zala"
"Bázakerettye","Zala"
"Bazsi","Veszprém"
"Béb","Veszprém"
"Becsehely","Zala"
"Becske","Nógrád"
"Becskeháza","Borsod-Abaúj-Zemplén"
"Becsvölgye","Zala"
"Bedegkér","Somogy"
"Bedő","Hajdú-Bihar"
"Bejcgyertyános","Vas"
"Békás","Veszprém"
"Bekecs","Borsod-Abaúj-Zemplén"
"Békés","Békés"
"Békéscsaba","Békés"
"Békéssámson","Békés"
"Békésszentandrás","Békés"
"Bekölce","Heves"
"Bélapátfalva","Heves"
"Bélavár","Somogy"
"Belecska","Tolna"
"Beled","Győr-Moson-Sopron"
"Beleg","Somogy"
"Belezna","Zala"
"Bélmegyer","Békés"
"Beloiannisz","Fejér"
"Belsősárd","Zala"
"Belvárdgyula","Baranya"
"Benk","Szabolcs-Szatmár-Bereg"
"Bénye","Pest"
"Bér","Nógrád"
"Bérbaltavár","Vas"
"Bercel","Nógrád"
"Beregdaróc","Szabolcs-Szatmár-Bereg"
"Beregsurány","Szabolcs-Szatmár-Bereg"
"Berekböszörmény","Hajdú-Bihar"
"Berekfürdő","Jász-Nagykun-Szolnok"
"Beremend","Baranya"
"Berente","Borsod-Abaúj-Zemplén"
"Beret","Borsod-Abaúj-Zemplén"
"Berettyóújfalu","Hajdú-Bihar"
"Berhida","Veszprém"
"Berkenye","Nógrád"
"Berkesd","Baranya"
"Berkesz","Szabolcs-Szatmár-Bereg"
"Bernecebaráti","Pest"
"Berzék","Borsod-Abaúj-Zemplén"
"Berzence","Somogy"
"Besence","Baranya"
"Besenyőd","Szabolcs-Szatmár-Bereg"
"Besenyőtelek","Heves"
"Besenyszög","Jász-Nagykun-Szolnok"
"Besnyő","Fejér"
"Beszterec","Szabolcs-Szatmár-Bereg"
"Bezedek","Baranya"
"Bezenye","Győr-Moson-Sopron"
"Bezeréd","Zala"
"Bezi","Győr-Moson-Sopron"
"Biatorbágy","Pest"
"Bicsérd","Baranya"
"Bicske","Fejér"
"Bihardancsháza","Hajdú-Bihar"
"Biharkeresztes","Hajdú-Bihar"
"Biharnagybajom","Hajdú-Bihar"
"Bihartorda","Hajdú-Bihar"
"Biharugra","Békés"
"Bikács","Tolna"
"Bikal","Baranya"
"Biri","Szabolcs-Szatmár-Bereg"
"Birján","Baranya"
"Bisse","Baranya"
"Boba","Vas"
"Bocfölde","Zala"
"Boconád","Heves"
"Bócsa","Bács-Kiskun"
"Bocska","Zala"
"Bocskaikert","Hajdú-Bihar"
"Boda","Baranya"
"Bodajk","Fejér"
"Bodmér","Fejér"
"Bodolyabér","Baranya"
"Bodonhely","Győr-Moson-Sopron"
"Bodony","Heves"
"Bodorfa","Veszprém"
"Bodrog","Somogy"
"Bodroghalom","Borsod-Abaúj-Zemplén"
"Bodrogkeresztúr","Borsod-Abaúj-Zemplén"
"Bodrogkisfalud","Borsod-Abaúj-Zemplén"
"Bodrogolaszi","Borsod-Abaúj-Zemplén"
"Bódvalenke","Borsod-Abaúj-Zemplén"
"Bódvarákó","Borsod-Abaúj-Zemplén"
"Bódvaszilas","Borsod-Abaúj-Zemplén"
"Bogács","Borsod-Abaúj-Zemplén"
"Bogád","Baranya"
"Bogádmindszent","Baranya"
"Bogdása","Baranya"
"Bogyiszló","Tolna"
"Bogyoszló","Győr-Moson-Sopron"
"Bojt","Hajdú-Bihar"
"Bókaháza","Zala"
"Bokod","Komárom-Esztergom"
"Bokor","Nógrád"
"Boldog","Heves"
"Boldogasszonyfa","Baranya"
"Boldogkőújfalu","Borsod-Abaúj-Zemplén"
"Boldogkőváralja","Borsod-Abaúj-Zemplén"
"Boldva","Borsod-Abaúj-Zemplén"
"Bolhás","Somogy"
"Bolhó","Somogy"
"Bóly","Baranya"
"Boncodfölde","Zala"
"Bonyhád","Tolna"
"Bonyhádvarasd","Tolna"
"Bonnya","Somogy"
"Bordány","Csongrád"
"Borgáta","Vas"
"Borjád","Baranya"
"Borota","Bács-Kiskun"
"Borsfa","Zala"
"Borsodbóta","Borsod-Abaúj-Zemplén"
"Borsodgeszt","Borsod-Abaúj-Zemplén"
"Borsodivánka","Borsod-Abaúj-Zemplén"
"Borsodnádasd","Borsod-Abaúj-Zemplén"
"Borsodszentgyörgy","Borsod-Abaúj-Zemplén"
"Borsodszirák","Borsod-Abaúj-Zemplén"
"Borsosberény","Nógrád"
"Borszörcsök","Veszprém"
"Borzavár","Veszprém"
"Bosta","Baranya"
"Botpalád","Szabolcs-Szatmár-Bereg"
"Botykapeterd","Baranya"
"Bozzai","Vas"
"Bozsok","Vas"
"Bózsva","Borsod-Abaúj-Zemplén"
"Bő","Vas"
"Bőcs","Borsod-Abaúj-Zemplén"
"Böde","Zala"
"Bödeháza","Zala"
"Bögöt","Vas"
"Bögöte","Vas"
"Böhönye","Somogy"
"Bököny","Szabolcs-Szatmár-Bereg"
"Bölcske","Tolna"
"Bőny","Győr-Moson-Sopron"
"Börcs","Győr-Moson-Sopron"
"Börzönce","Zala"
"Bősárkány","Győr-Moson-Sopron"
"Bőszénfa","Somogy"
"Bucsa","Békés"
"Bucsu","Vas"
"Búcsúszentlászló","Zala"
"Bucsuta","Zala"
"Budajenő","Pest"
"Budakalász","Pest"
"Budakeszi","Pest"
"Budaörs","Pest"
"Budapest I. kerület","főváros"
"Budapest II. kerület","főváros"
"Budapest III. kerület","főváros"
"Budapest IV. kerület","főváros"
"Budapest IX. kerület","főváros"
"Budapest V. kerület","főváros"
"Budapest VI. kerület","főváros"
"Budapest VII. kerület","főváros"
"Budapest VIII. kerület","főváros"
"Budapest X. kerület","főváros"
"Budapest XI. kerület","főváros"
"Budapest XII. kerület","főváros"
"Budapest XIII. kerület","főváros"
"Budapest XIV. kerület","főváros"
"Budapest XIX. kerület","főváros"
"Budapest XV. kerület","főváros"
"Budapest XVI. kerület","főváros"
"Budapest XVII. kerület","főváros"
"Budapest XVIII. kerület","főváros"
"Budapest XX. kerület","főváros"
"Budapest XXI. kerület","főváros"
"Budapest XXII. kerület","főváros"
"Budapest XXIII. kerület","főváros"
"Bugac","Bács-Kiskun"
"Bugacpusztaháza","Bács-Kiskun"
"Bugyi","Pest"
"Buj","Szabolcs-Szatmár-Bereg"
"Buják","Nógrád"
"Buzsák","Somogy"
"Bük","Vas"
"Bükkábrány","Borsod-Abaúj-Zemplén"
"Bükkaranyos","Borsod-Abaúj-Zemplén"
"Bükkmogyorósd","Borsod-Abaúj-Zemplén"
"Bükkösd","Baranya"
"Bükkszék","Heves"
"Bükkszenterzsébet","Heves"
"Bükkszentkereszt","Borsod-Abaúj-Zemplén"
"Bükkszentmárton","Heves"
"Bükkzsérc","Borsod-Abaúj-Zemplén"
"Bürüs","Baranya"
"Büssü","Somogy"
"Büttös","Borsod-Abaúj-Zemplén"
"Cák","Vas"
"Cakóháza","Győr-Moson-Sopron"
"Cece","Fejér"
"Cégénydányád","Szabolcs-Szatmár-Bereg"
"Cegléd","Pest"
"Ceglédbercel","Pest"
"Celldömölk","Vas"
"Cered","Nógrád"
"Chernelházadamonya","Vas"
"Cibakháza","Jász-Nagykun-Szolnok"
"Cigánd","Borsod-Abaúj-Zemplén"
"Cikó","Tolna"
"Cirák","Győr-Moson-Sopron"
"Cún","Baranya"
"Csabacsűd","Békés"
"Csabaszabadi","Békés"
"Csabdi","Fejér"
"Csabrendek","Veszprém"
"Csáfordjánosfa","Győr-Moson-Sopron"
"Csaholc","Szabolcs-Szatmár-Bereg"
"Csajág","Veszprém"
"Csákány","Somogy"
"Csákánydoroszló","Vas"
"Csákberény","Fejér"
"Csákvár","Fejér"
"Csanádalberti","Csongrád"
"Csanádapáca","Békés"
"Csanádpalota","Csongrád"
"Csánig","Vas"
"Csány","Heves"
"Csányoszró","Baranya"
"Csanytelek","Csongrád"
"Csapi","Zala"
"Csapod","Győr-Moson-Sopron"
"Csárdaszállás","Békés"
"Csarnóta","Baranya"
"Csaroda","Szabolcs-Szatmár-Bereg"
"Császár","Komárom-Esztergom"
"Császártöltés","Bács-Kiskun"
"Császló","Szabolcs-Szatmár-Bereg"
"Csátalja","Bács-Kiskun"
"Csatár","Zala"
"Csataszög","Jász-Nagykun-Szolnok"
"Csatka","Komárom-Esztergom"
"Csávoly","Bács-Kiskun"
"Csebény","Baranya"
"Csécse","Nógrád"
"Csegöld","Szabolcs-Szatmár-Bereg"
"Csehbánya","Veszprém"
"Csehi","Vas"
"Csehimindszent","Vas"
"Csém","Komárom-Esztergom"
"Csemő","Pest"
"Csempeszkopács","Vas"
"Csengele","Csongrád"
"Csenger","Szabolcs-Szatmár-Bereg"
"Csengersima","Szabolcs-Szatmár-Bereg"
"Csengerújfalu","Szabolcs-Szatmár-Bereg"
"Csengőd","Bács-Kiskun"
"Csénye","Vas"
"Csenyéte","Borsod-Abaúj-Zemplén"
"Csép","Komárom-Esztergom"
"Csépa","Jász-Nagykun-Szolnok"
"Csepreg","Vas"
"Csér","Győr-Moson-Sopron"
"Cserdi","Baranya"
"Cserénfa","Somogy"
"Cserépfalu","Borsod-Abaúj-Zemplén"
"Cserépváralja","Borsod-Abaúj-Zemplén"
"Cserháthaláp","Nógrád"
"Cserhátsurány","Nógrád"
"Cserhátszentiván","Nógrád"
"Cserkeszőlő","Jász-Nagykun-Szolnok"
"Cserkút","Baranya"
"Csernely","Borsod-Abaúj-Zemplén"
"Cserszegtomaj","Zala"
"Csertalakos","Zala"
"Csertő","Baranya"
"Csesznek","Veszprém"
"Csesztreg","Zala"
"Csesztve","Nógrád"
"Csetény","Veszprém"
"Csévharaszt","Pest"
"Csibrák","Tolna"
"Csikéria","Bács-Kiskun"
"Csikóstőttős","Tolna"
"Csikvánd","Győr-Moson-Sopron"
"Csincse","Borsod-Abaúj-Zemplén"
"Csipkerek","Vas"
"Csitár","Nógrád"
"Csobád","Borsod-Abaúj-Zemplén"
"Csobaj","Borsod-Abaúj-Zemplén"
"Csobánka","Pest"
"Csókakő","Fejér"
"Csokonyavisonta","Somogy"
"Csokvaomány","Borsod-Abaúj-Zemplén"
"Csolnok","Komárom-Esztergom"
"Csólyospálos","Bács-Kiskun"
"Csoma","Somogy"
"Csomád","Pest"
"Csombárd","Somogy"
"Csongrád","Csongrád"
"Csonkahegyhát","Zala"
"Csonkamindszent","Baranya"
"Csopak","Veszprém"
"Csór","Fejér"
"Csorna","Győr-Moson-Sopron"
"Csorvás","Békés"
"Csót","Veszprém"
"Csöde","Zala"
"Csögle","Veszprém"
"Csökmő","Hajdú-Bihar"
"Csököly","Somogy"
"Csömend","Somogy"
"Csömödér","Zala"
"Csömör","Pest"
"Csönge","Vas"
"Csörnyeföld","Zala"
"Csörög","Pest"
"Csörötnek","Vas"
"Csősz","Fejér"
"Csővár","Pest"
"Csurgó","Somogy"
"Csurgónagymarton","Somogy"
"Dabas","Pest"
"Dabronc","Veszprém"
"Dabrony","Veszprém"
"Dad","Komárom-Esztergom"
"Dág","Komárom-Esztergom"
"Dáka","Veszprém"
"Dalmand","Tolna"
"Damak","Borsod-Abaúj-Zemplén"
"Dámóc","Borsod-Abaúj-Zemplén"
"Dánszentmiklós","Pest"
"Dány","Pest"
"Daraboshegy","Vas"
"Darány","Somogy"
"Darnó","Szabolcs-Szatmár-Bereg"
"Darnózseli","Győr-Moson-Sopron"
"Daruszentmiklós","Fejér"
"Darvas","Hajdú-Bihar"
"Dávod","Bács-Kiskun"
"Debercsény","Nógrád"
"Debrecen","Hajdú-Bihar"
"Debréte","Borsod-Abaúj-Zemplén"
"Decs","Tolna"
"Dédestapolcsány","Borsod-Abaúj-Zemplén"
"Dég","Fejér"
"Dejtár","Nógrád"
"Délegyháza","Pest"
"Demecser","Szabolcs-Szatmár-Bereg"
"Demjén","Heves"
"Dencsháza","Baranya"
"Dénesfa","Győr-Moson-Sopron"
"Derecske","Hajdú-Bihar"
"Derekegyház","Csongrád"
"Deszk","Csongrád"
"Detek","Borsod-Abaúj-Zemplén"
"Detk","Heves"
"Dévaványa","Békés"
"Devecser","Veszprém"
"Dinnyeberki","Baranya"
"Diósberény","Tolna"
"Diósd","Pest"
"Diósjenő","Nógrád"
"Dióskál","Zala"
"Diósviszló","Baranya"
"Doba","Veszprém"
"Doboz","Békés"
"Dobri","Zala"
"Dobronhegy","Zala"
"Dóc","Csongrád"
"Domaháza","Borsod-Abaúj-Zemplén"
"Domaszék","Csongrád"
"Dombegyház","Békés"
"Dombiratos","Békés"
"Dombóvár","Tolna"
"Dombrád","Szabolcs-Szatmár-Bereg"
"Domony","Pest"
"Domoszló","Heves"
"Dormánd","Heves"
"Dorog","Komárom-Esztergom"
"Dorogháza","Nógrád"
"Dozmat","Vas"
"Döbörhegy","Vas"
"Döbröce","Zala"
"Döbrököz","Tolna"
"Döbrönte","Veszprém"
"Döge","Szabolcs-Szatmár-Bereg"
"Dömös","Komárom-Esztergom"
"Dömsöd","Pest"
"Dör","Győr-Moson-Sopron"
"Dörgicse","Veszprém"
"Döröske","Vas"
"Dötk","Zala"
"Dövény","Borsod-Abaúj-Zemplén"
"Drágszél","Bács-Kiskun"
"Drávacsehi","Baranya"
"Drávacsepely","Baranya"
"Drávafok","Baranya"
"Drávagárdony","Somogy"
"Drávaiványi","Baranya"
"Drávakeresztúr","Baranya"
"Drávapalkonya","Baranya"
"Drávapiski","Baranya"
"Drávaszabolcs","Baranya"
"Drávaszerdahely","Baranya"
"Drávasztára","Baranya"
"Drávatamási","Somogy"
"Drégelypalánk","Nógrád"
"Dubicsány","Borsod-Abaúj-Zemplén"
"Dudar","Veszprém"
"Duka","Vas"
"Dunaalmás","Komárom-Esztergom"
"Dunabogdány","Pest"
"Dunaegyháza","Bács-Kiskun"
"Dunafalva","Bács-Kiskun"
"Dunaföldvár","Tolna"
"Dunaharaszti","Pest"
"Dunakeszi","Pest"
"Dunakiliti","Győr-Moson-Sopron"
"Dunapataj","Bács-Kiskun"
"Dunaremete","Győr-Moson-Sopron"
"Dunaszeg","Győr-Moson-Sopron"
"Dunaszekcső","Baranya"
"Dunaszentbenedek","Bács-Kiskun"
"Dunaszentgyörgy","Tolna"
"Dunaszentmiklós","Komárom-Esztergom"
"Dunaszentpál","Győr-Moson-Sopron"
"Dunasziget","Győr-Moson-Sopron"
"Dunatetétlen","Bács-Kiskun"
"Dunaújváros","Fejér"
"Dunavarsány","Pest"
"Dunavecse","Bács-Kiskun"
"Dusnok","Bács-Kiskun"
"Dúzs","Tolna"
"Ebergőc","Győr-Moson-Sopron"
"Ebes","Hajdú-Bihar"
"Écs","Győr-Moson-Sopron"
"Ecséd","Heves"
"Ecseg","Nógrád"
"Ecsegfalva","Békés"
"Ecseny","Somogy"
"Ecser","Pest"
"Edde","Somogy"
"Edelény","Borsod-Abaúj-Zemplén"
"Edve","Győr-Moson-Sopron"
"Eger","Heves"
"Egerág","Baranya"
"Egeralja","Veszprém"
"Egeraracsa","Zala"
"Egerbakta","Heves"
"Egerbocs","Heves"
"Egercsehi","Heves"
"Egerfarmos","Heves"
"Egerlövő","Borsod-Abaúj-Zemplén"
"Egerszalók","Heves"
"Egerszólát","Heves"
"Égerszög","Borsod-Abaúj-Zemplén"
"Egervár","Zala"
"Egervölgy","Vas"
"Egyed","Győr-Moson-Sopron"
"Egyek","Hajdú-Bihar"
"Egyházasdengeleg","Nógrád"
"Egyházasfalu","Győr-Moson-Sopron"
"Egyházasgerge","Nógrád"
"Egyházasharaszti","Baranya"
"Egyházashetye","Vas"
"Egyházashollós","Vas"
"Egyházaskesző","Veszprém"
"Egyházaskozár","Baranya"
"Egyházasrádóc","Vas"
"Elek","Békés"
"Ellend","Baranya"
"Előszállás","Fejér"
"Emőd","Borsod-Abaúj-Zemplén"
"Encs","Borsod-Abaúj-Zemplén"
"Encsencs","Szabolcs-Szatmár-Bereg"
"Endrefalva","Nógrád"
"Endrőc","Baranya"
"Enese","Győr-Moson-Sopron"
"Enying","Fejér"
"Eperjes","Csongrád"
"Eperjeske","Szabolcs-Szatmár-Bereg"
"Eplény","Veszprém"
"Epöl","Komárom-Esztergom"
"Ercsi","Fejér"
"Érd","Pest"
"Erdőbénye","Borsod-Abaúj-Zemplén"
"Erdőhorváti","Borsod-Abaúj-Zemplén"
"Erdőkertes","Pest"
"Erdőkövesd","Heves"
"Erdőkürt","Nógrád"
"Erdősmárok","Baranya"
"Erdősmecske","Baranya"
"Erdőtarcsa","Nógrád"
"Erdőtelek","Heves"
"Erk","Heves"
"Érpatak","Szabolcs-Szatmár-Bereg"
"Érsekcsanád","Bács-Kiskun"
"Érsekhalma","Bács-Kiskun"
"Érsekvadkert","Nógrád"
"Értény","Tolna"
"Erzsébet","Baranya"
"Esztár","Hajdú-Bihar"
"Eszteregnye","Zala"
"Esztergályhorváti","Zala"
"Esztergom","Komárom-Esztergom"
"Ete","Komárom-Esztergom"
"Etes","Nógrád"
"Etyek","Fejér"
"Fábiánháza","Szabolcs-Szatmár-Bereg"
"Fábiánsebestyén","Csongrád"
"Fácánkert","Tolna"
"Fadd","Tolna"
"Fáj","Borsod-Abaúj-Zemplén"
"Fajsz","Bács-Kiskun"
"Fancsal","Borsod-Abaúj-Zemplén"
"Farád","Győr-Moson-Sopron"
"Farkasgyepű","Veszprém"
"Farkaslyuk","Borsod-Abaúj-Zemplén"
"Farmos","Pest"
"Fazekasboda","Baranya"
"Fedémes","Heves"
"Fegyvernek","Jász-Nagykun-Szolnok"
"Fehérgyarmat","Szabolcs-Szatmár-Bereg"
"Fehértó","Győr-Moson-Sopron"
"Fehérvárcsurgó","Fejér"
"Feked","Baranya"
"Feketeerdő","Győr-Moson-Sopron"
"Felcsút","Fejér"
"Feldebrő","Heves"
"Felgyő","Csongrád"
"Felpéc","Győr-Moson-Sopron"
"Felsőberecki","Borsod-Abaúj-Zemplén"
"Felsőcsatár","Vas"
"Felsődobsza","Borsod-Abaúj-Zemplén"
"Felsőegerszeg","Baranya"
"Felsőgagy","Borsod-Abaúj-Zemplén"
"Felsőjánosfa","Vas"
"Felsőkelecsény","Borsod-Abaúj-Zemplén"
"Felsőlajos","Bács-Kiskun"
"Felsőmarác","Vas"
"Felsőmocsolád","Somogy"
"Felsőnána","Tolna"
"Felsőnyárád","Borsod-Abaúj-Zemplén"
"Felsőnyék","Tolna"
"Felsőörs","Veszprém"
"Felsőpáhok","Zala"
"Felsőpakony","Pest"
"Felsőpetény","Nógrád"
"Felsőrajk","Zala"
"Felsőregmec","Borsod-Abaúj-Zemplén"
"Felsőszenterzsébet","Zala"
"Felsőszentiván","Bács-Kiskun"
"Felsőszentmárton","Baranya"
"Felsőszölnök","Vas"
"Felsőtárkány","Heves"
"Felsőtelekes","Borsod-Abaúj-Zemplén"
"Felsőtold","Nógrád"
"Felsővadász","Borsod-Abaúj-Zemplén"
"Felsőzsolca","Borsod-Abaúj-Zemplén"
"Fényeslitke","Szabolcs-Szatmár-Bereg"
"Fenyőfő","Győr-Moson-Sopron"
"Ferencszállás","Csongrád"
"Fertőboz","Győr-Moson-Sopron"
"Fertőd","Győr-Moson-Sopron"
"Fertőendréd","Győr-Moson-Sopron"
"Fertőhomok","Győr-Moson-Sopron"
"Fertőrákos","Győr-Moson-Sopron"
"Fertőszentmiklós","Győr-Moson-Sopron"
"Fertőszéplak","Győr-Moson-Sopron"
"Fiad","Somogy"
"Filkeháza","Borsod-Abaúj-Zemplén"
"Fityeház","Zala"
"Foktő","Bács-Kiskun"
"Folyás","Hajdú-Bihar"
"Fonó","Somogy"
"Fony","Borsod-Abaúj-Zemplén"
"Fonyód","Somogy"
"Forráskút","Csongrád"
"Forró","Borsod-Abaúj-Zemplén"
"Fót","Pest"
"Földeák","Csongrád"
"Földes","Hajdú-Bihar"
"Főnyed","Somogy"
"Fulókércs","Borsod-Abaúj-Zemplén"
"Furta","Hajdú-Bihar"
"Füle","Fejér"
"Fülesd","Szabolcs-Szatmár-Bereg"
"Fülöp","Hajdú-Bihar"
"Fülöpháza","Bács-Kiskun"
"Fülöpjakab","Bács-Kiskun"
"Fülöpszállás","Bács-Kiskun"
"Fülpösdaróc","Szabolcs-Szatmár-Bereg"
"Fürged","Tolna"
"Füzér","Borsod-Abaúj-Zemplén"
"Füzérkajata","Borsod-Abaúj-Zemplén"
"Füzérkomlós","Borsod-Abaúj-Zemplén"
"Füzérradvány","Borsod-Abaúj-Zemplén"
"Füzesabony","Heves"
"Füzesgyarmat","Békés"
"Fűzvölgy","Zala"
"Gáborján","Hajdú-Bihar"
"Gáborjánháza","Zala"
"Gacsály","Szabolcs-Szatmár-Bereg"
"Gadács","Somogy"
"Gadány","Somogy"
"Gadna","Borsod-Abaúj-Zemplén"
"Gádoros","Békés"
"Gagyapáti","Borsod-Abaúj-Zemplén"
"Gagybátor","Borsod-Abaúj-Zemplén"
"Gagyvendégi","Borsod-Abaúj-Zemplén"
"Galambok","Zala"
"Galgaguta","Nógrád"
"Galgagyörk","Pest"
"Galgahévíz","Pest"
"Galgamácsa","Pest"
"Gálosfa","Somogy"
"Galvács","Borsod-Abaúj-Zemplén"
"Gamás","Somogy"
"Ganna","Veszprém"
"Gánt","Fejér"
"Gara","Bács-Kiskun"
"Garáb","Nógrád"
"Garabonc","Zala"
"Garadna","Borsod-Abaúj-Zemplén"
"Garbolc","Szabolcs-Szatmár-Bereg"
"Gárdony","Fejér"
"Garé","Baranya"
"Gasztony","Vas"
"Gátér","Bács-Kiskun"
"Gávavencsellő","Szabolcs-Szatmár-Bereg"
"Géberjén","Szabolcs-Szatmár-Bereg"
"Gecse","Veszprém"
"Géderlak","Bács-Kiskun"
"Gégény","Szabolcs-Szatmár-Bereg"
"Gelej","Borsod-Abaúj-Zemplén"
"Gelénes","Szabolcs-Szatmár-Bereg"
"Gellénháza","Zala"
"Gelse","Zala"
"Gelsesziget","Zala"
"Gemzse","Szabolcs-Szatmár-Bereg"
"Gencsapáti","Vas"
"Gérce","Vas"
"Gerde","Baranya"
"Gerendás","Békés"
"Gerényes","Baranya"
"Geresdlak","Baranya"
"Gerjen","Tolna"
"Gersekarát","Vas"
"Geszt","Békés"
"Gesztely","Borsod-Abaúj-Zemplén"
"Geszteréd","Szabolcs-Szatmár-Bereg"
"Gétye","Zala"
"Gibárt","Borsod-Abaúj-Zemplén"
"Gic","Veszprém"
"Gige","Somogy"
"Gilvánfa","Baranya"
"Girincs","Borsod-Abaúj-Zemplén"
"Gógánfa","Veszprém"
"Golop","Borsod-Abaúj-Zemplén"
"Gomba","Pest"
"Gombosszeg","Zala"
"Gór","Vas"
"Gordisa","Baranya"
"Gosztola","Zala"
"Göd","Pest"
"Gödöllő","Pest"
"Gödre","Baranya"
"Gölle","Somogy"
"Gömörszőlős","Borsod-Abaúj-Zemplén"
"Gönc","Borsod-Abaúj-Zemplén"
"Göncruszka","Borsod-Abaúj-Zemplén"
"Gönyű","Győr-Moson-Sopron"
"Görbeháza","Hajdú-Bihar"
"Görcsöny","Baranya"
"Görcsönydoboka","Baranya"
"Görgeteg","Somogy"
"Gősfa","Zala"
"Grábóc","Tolna"
"Gulács","Szabolcs-Szatmár-Bereg"
"Gutorfölde","Zala"
"Gyál","Pest"
"Gyalóka","Győr-Moson-Sopron"
"Gyanógeregye","Vas"
"Gyarmat","Győr-Moson-Sopron"
"Gyékényes","Somogy"
"Gyenesdiás","Zala"
"Gyepükaján","Veszprém"
"Gyermely","Komárom-Esztergom"
"Gyód","Baranya"
"Gyomaendrőd","Békés"
"Gyóró","Győr-Moson-Sopron"
"Gyömöre","Győr-Moson-Sopron"
"Gyömrő","Pest"
"Gyöngyfa","Baranya"
"Gyöngyös","Heves"
"Gyöngyösfalu","Vas"
"Gyöngyöshalász","Heves"
"Gyöngyösmellék","Baranya"
"Gyöngyösoroszi","Heves"
"Gyöngyöspata","Heves"
"Gyöngyössolymos","Heves"
"Gyöngyöstarján","Heves"
"Gyönk","Tolna"
"Győr","Győr-Moson-Sopron"
"Győrasszonyfa","Győr-Moson-Sopron"
"Györe","Tolna"
"Györgytarló","Borsod-Abaúj-Zemplén"
"Györköny","Tolna"
"Győrladamér","Győr-Moson-Sopron"
"Győröcske","Szabolcs-Szatmár-Bereg"
"Győrság","Győr-Moson-Sopron"
"Győrsövényház","Győr-Moson-Sopron"
"Győrszemere","Győr-Moson-Sopron"
"Győrtelek","Szabolcs-Szatmár-Bereg"
"Győrújbarát","Győr-Moson-Sopron"
"Győrújfalu","Győr-Moson-Sopron"
"Győrvár","Vas"
"Győrzámoly","Győr-Moson-Sopron"
"Gyugy","Somogy"
"Gyula","Békés"
"Gyulaháza","Szabolcs-Szatmár-Bereg"
"Gyulaj","Tolna"
"Gyulakeszi","Veszprém"
"Gyúró","Fejér"
"Gyügye","Szabolcs-Szatmár-Bereg"
"Gyüre","Szabolcs-Szatmár-Bereg"
"Gyűrűs","Zala"
"Hács","Somogy"
"Hagyárosbörönd","Zala"
"Hahót","Zala"
"Hajdúbagos","Hajdú-Bihar"
"Hajdúböszörmény","Hajdú-Bihar"
"Hajdúdorog","Hajdú-Bihar"
"Hajdúhadház","Hajdú-Bihar"
"Hajdúnánás","Hajdú-Bihar"
"Hajdúsámson","Hajdú-Bihar"
"Hajdúszoboszló","Hajdú-Bihar"
"Hajdúszovát","Hajdú-Bihar"
"Hajmás","Somogy"
"Hajmáskér","Veszprém"
"Hajós","Bács-Kiskun"
"Halastó","Vas"
"Halászi","Győr-Moson-Sopron"
"Halásztelek","Pest"
"Halimba","Veszprém"
"Halmaj","Borsod-Abaúj-Zemplén"
"Halmajugra","Heves"
"Halogy","Vas"
"Hangács","Borsod-Abaúj-Zemplén"
"Hangony","Borsod-Abaúj-Zemplén"
"Hantos","Fejér"
"Harasztifalu","Vas"
"Harc","Tolna"
"Harka","Győr-Moson-Sopron"
"Harkakötöny","Bács-Kiskun"
"Harkány","Baranya"
"Háromfa","Somogy"
"Háromhuta","Borsod-Abaúj-Zemplén"
"Harsány","Borsod-Abaúj-Zemplén"
"Hárskút","Veszprém"
"Harta","Bács-Kiskun"
"Hásságy","Baranya"
"Hatvan","Heves"
"Hédervár","Győr-Moson-Sopron"
"Hedrehely","Somogy"
"Hegyesd","Veszprém"
"Hegyeshalom","Győr-Moson-Sopron"
"Hegyfalu","Vas"
"Hegyháthodász","Vas"
"Hegyhátmaróc","Baranya"
"Hegyhátsál","Vas"
"Hegyhátszentjakab","Vas"
"Hegyhátszentmárton","Vas"
"Hegyhátszentpéter","Vas"
"Hegykő","Győr-Moson-Sopron"
"Hegymagas","Veszprém"
"Hegymeg","Borsod-Abaúj-Zemplén"
"Hegyszentmárton","Baranya"
"Héhalom","Nógrád"
"Hejce","Borsod-Abaúj-Zemplén"
"Hejőbába","Borsod-Abaúj-Zemplén"
"Hejőkeresztúr","Borsod-Abaúj-Zemplén"
"Hejőkürt","Borsod-Abaúj-Zemplén"
"Hejőpapi","Borsod-Abaúj-Zemplén"
"Hejőszalonta","Borsod-Abaúj-Zemplén"
"Helesfa","Baranya"
"Helvécia","Bács-Kiskun"
"Hencida","Hajdú-Bihar"
"Hencse","Somogy"
"Herceghalom","Pest"
"Hercegkút","Borsod-Abaúj-Zemplén"
"Hercegszántó","Bács-Kiskun"
"Heréd","Heves"
"Héreg","Komárom-Esztergom"
"Herencsény","Nógrád"
"Herend","Veszprém"
"Heresznye","Somogy"
"Hermánszeg","Szabolcs-Szatmár-Bereg"
"Hernád","Pest"
"Hernádbűd","Borsod-Abaúj-Zemplén"
"Hernádcéce","Borsod-Abaúj-Zemplén"
"Hernádkak","Borsod-Abaúj-Zemplén"
"Hernádkércs","Borsod-Abaúj-Zemplén"
"Hernádnémeti","Borsod-Abaúj-Zemplén"
"Hernádpetri","Borsod-Abaúj-Zemplén"
"Hernádszentandrás","Borsod-Abaúj-Zemplén"
"Hernádszurdok","Borsod-Abaúj-Zemplén"
"Hernádvécse","Borsod-Abaúj-Zemplén"
"Hernyék","Zala"
"Hét","Borsod-Abaúj-Zemplén"
"Hetefejércse","Szabolcs-Szatmár-Bereg"
"Hetes","Somogy"
"Hetvehely","Baranya"
"Hetyefő","Veszprém"
"Heves","Heves"
"Hevesaranyos","Heves"
"Hevesvezekény","Heves"
"Hévíz","Zala"
"Hévízgyörk","Pest"
"Hidas","Baranya"
"Hidasnémeti","Borsod-Abaúj-Zemplén"
"Hidegkút","Veszprém"
"Hidegség","Győr-Moson-Sopron"
"Hidvégardó","Borsod-Abaúj-Zemplén"
"Himesháza","Baranya"
"Himod","Győr-Moson-Sopron"
"Hirics","Baranya"
"Hobol","Baranya"
"Hodász","Szabolcs-Szatmár-Bereg"
"Hódmezővásárhely","Csongrád"
"Hollád","Somogy"
"Hollóháza","Borsod-Abaúj-Zemplén"
"Hollókő","Nógrád"
"Homokbödöge","Veszprém"
"Homokkomárom","Zala"
"Homokmégy","Bács-Kiskun"
"Homokszentgyörgy","Somogy"
"Homorúd","Baranya"
"Homrogd","Borsod-Abaúj-Zemplén"
"Hont","Nógrád"
"Horpács","Nógrád"
"Hort","Heves"
"Hortobágy","Hajdú-Bihar"
"Horváthertelend","Baranya"
"Horvátlövő","Vas"
"Horvátzsidány","Vas"
"Hosszúhetény","Baranya"
"Hosszúpályi","Hajdú-Bihar"
"Hosszúpereszteg","Vas"
"Hosszúvíz","Somogy"
"Hosszúvölgy","Zala"
"Hosztót","Veszprém"
"Hottó","Zala"
"Hőgyész","Tolna"
"Hövej","Győr-Moson-Sopron"
"Hugyag","Nógrád"
"Hunya","Békés"
"Hunyadfalva","Jász-Nagykun-Szolnok"
"Husztót","Baranya"
"Ibafa","Baranya"
"Iborfia","Zala"
"Ibrány","Szabolcs-Szatmár-Bereg"
"Igal","Somogy"
"Igar","Fejér"
"Igrici","Borsod-Abaúj-Zemplén"
"Iharos","Somogy"
"Iharosberény","Somogy"
"Ikervár","Vas"
"Iklad","Pest"
"Iklanberény","Vas"
"Iklódbördőce","Zala"
"Ikrény","Győr-Moson-Sopron"
"Iliny","Nógrád"
"Ilk","Szabolcs-Szatmár-Bereg"
"Illocska","Baranya"
"Imola","Borsod-Abaúj-Zemplén"
"Imrehegy","Bács-Kiskun"
"Ináncs","Borsod-Abaúj-Zemplén"
"Inárcs","Pest"
"Inke","Somogy"
"Ipacsfa","Baranya"
"Ipolydamásd","Pest"
"Ipolyszög","Nógrád"
"Ipolytarnóc","Nógrád"
"Ipolytölgyes","Pest"
"Ipolyvece","Nógrád"
"Iregszemcse","Tolna"
"Irota","Borsod-Abaúj-Zemplén"
"Isaszeg","Pest"
"Ispánk","Vas"
"Istenmezeje","Heves"
"Istvándi","Somogy"
"Iszkaszentgyörgy","Fejér"
"Iszkáz","Veszprém"
"Isztimér","Fejér"
"Ivád","Heves"
"Iván","Győr-Moson-Sopron"
"Ivánbattyán","Baranya"
"Ivánc","Vas"
"Iváncsa","Fejér"
"Ivándárda","Baranya"
"Izmény","Tolna"
"Izsák","Bács-Kiskun"
"Izsófalva","Borsod-Abaúj-Zemplén"
"Jágónak","Tolna"
"Ják","Vas"
"Jakabszállás","Bács-Kiskun"
"Jákfa","Vas"
"Jákfalva","Borsod-Abaúj-Zemplén"
"Jákó","Somogy"
"Jánd","Szabolcs-Szatmár-Bereg"
"Jánkmajtis","Szabolcs-Szatmár-Bereg"
"Jánoshalma","Bács-Kiskun"
"Jánosháza","Vas"
"Jánoshida","Jász-Nagykun-Szolnok"
"Jánossomorja","Győr-Moson-Sopron"
"Járdánháza","Borsod-Abaúj-Zemplén"
"Jármi","Szabolcs-Szatmár-Bereg"
"Jásd","Veszprém"
"Jászágó","Jász-Nagykun-Szolnok"
"Jászalsószentgyörgy","Jász-Nagykun-Szolnok"
"Jászapáti","Jász-Nagykun-Szolnok"
"Jászárokszállás","Jász-Nagykun-Szolnok"
"Jászberény","Jász-Nagykun-Szolnok"
"Jászboldogháza","Jász-Nagykun-Szolnok"
"Jászdózsa","Jász-Nagykun-Szolnok"
"Jászfelsőszentgyörgy","Jász-Nagykun-Szolnok"
"Jászfényszaru","Jász-Nagykun-Szolnok"
"Jászivány","Jász-Nagykun-Szolnok"
"Jászjákóhalma","Jász-Nagykun-Szolnok"
"Jászkarajenő","Pest"
"Jászkisér","Jász-Nagykun-Szolnok"
"Jászladány","Jász-Nagykun-Szolnok"
"Jászszentandrás","Jász-Nagykun-Szolnok"
"Jászszentlászló","Bács-Kiskun"
"Jásztelek","Jász-Nagykun-Szolnok"
"Jéke","Szabolcs-Szatmár-Bereg"
"Jenő","Fejér"
"Jobaháza","Győr-Moson-Sopron"
"Jobbágyi","Nógrád"
"Jósvafő","Borsod-Abaúj-Zemplén"
"Juta","Somogy"
"Kaba","Hajdú-Bihar"
"Kacorlak","Zala"
"Kács","Borsod-Abaúj-Zemplén"
"Kacsóta","Baranya"
"Kadarkút","Somogy"
"Kajárpéc","Győr-Moson-Sopron"
"Kajászó","Fejér"
"Kajdacs","Tolna"
"Kakasd","Tolna"
"Kákics","Baranya"
"Kakucs","Pest"
"Kál","Heves"
"Kalaznó","Tolna"
"Káld","Vas"
"Kálló","Nógrád"
"Kallósd","Zala"
"Kállósemjén","Szabolcs-Szatmár-Bereg"
"Kálmáncsa","Somogy"
"Kálmánháza","Szabolcs-Szatmár-Bereg"
"Kálócfa","Zala"
"Kalocsa","Bács-Kiskun"
"Káloz","Fejér"
"Kám","Vas"
"Kamond","Veszprém"
"Kamut","Békés"
"Kánó","Borsod-Abaúj-Zemplén"
"Kántorjánosi","Szabolcs-Szatmár-Bereg"
"Kány","Borsod-Abaúj-Zemplén"
"Kánya","Somogy"
"Kányavár","Zala"
"Kapolcs","Veszprém"
"Kápolna","Heves"
"Kápolnásnyék","Fejér"
"Kapoly","Somogy"
"Kaposfő","Somogy"
"Kaposgyarmat","Somogy"
"Kaposhomok","Somogy"
"Kaposkeresztúr","Somogy"
"Kaposmérő","Somogy"
"Kapospula","Tolna"
"Kaposújlak","Somogy"
"Kaposvár","Somogy"
"Kaposszekcső","Tolna"
"Kaposszerdahely","Somogy"
"Káptalanfa","Veszprém"
"Káptalantóti","Veszprém"
"Kapuvár","Győr-Moson-Sopron"
"Kára","Somogy"
"Karácsond","Heves"
"Karád","Somogy"
"Karakó","Vas"
"Karakószörcsök","Veszprém"
"Karancsalja","Nógrád"
"Karancsberény","Nógrád"
"Karancskeszi","Nógrád"
"Karancslapujtő","Nógrád"
"Karancsság","Nógrád"
"Kárász","Baranya"
"Karcag","Jász-Nagykun-Szolnok"
"Karcsa","Borsod-Abaúj-Zemplén"
"Kardos","Békés"
"Kardoskút","Békés"
"Karmacs","Zala"
"Károlyháza","Győr-Moson-Sopron"
"Karos","Borsod-Abaúj-Zemplén"
"Kartal","Pest"
"Kásád","Baranya"
"Kaskantyú","Bács-Kiskun"
"Kastélyosdombó","Somogy"
"Kaszaper","Békés"
"Kaszó","Somogy"
"Katádfa","Baranya"
"Katafa","Vas"
"Kátoly","Baranya"
"Katymár","Bács-Kiskun"
"Káva","Pest"
"Kávás","Zala"
"Kazár","Nógrád"
"Kazincbarcika","Borsod-Abaúj-Zemplén"
"Kázsmárk","Borsod-Abaúj-Zemplén"
"Kazsok","Somogy"
"Kecel","Bács-Kiskun"
"Kecskéd","Komárom-Esztergom"
"Kecskemét","Bács-Kiskun"
"Kehidakustány","Zala"
"Kék","Szabolcs-Szatmár-Bereg"
"Kékcse","Szabolcs-Szatmár-Bereg"
"Kéked","Borsod-Abaúj-Zemplén"
"Kékesd","Baranya"
"Kékkút","Veszprém"
"Kelebia","Bács-Kiskun"
"Keléd","Vas"
"Kelemér","Borsod-Abaúj-Zemplén"
"Kéleshalom","Bács-Kiskun"
"Kelevíz","Somogy"
"Kemecse","Szabolcs-Szatmár-Bereg"
"Kemence","Pest"
"Kemendollár","Zala"
"Kemeneshőgyész","Veszprém"
"Kemeneskápolna","Vas"
"Kemenesmagasi","Vas"
"Kemenesmihályfa","Vas"
"Kemenespálfa","Vas"
"Kemenessömjén","Vas"
"Kemenesszentmárton","Vas"
"Kemenesszentpéter","Veszprém"
"Keménfa","Zala"
"Kémes","Baranya"
"Kemestaródfa","Vas"
"Kemse","Baranya"
"Kenderes","Jász-Nagykun-Szolnok"
"Kenéz","Vas"
"Kenézlő","Borsod-Abaúj-Zemplén"
"Kengyel","Jász-Nagykun-Szolnok"
"Kenyeri","Vas"
"Kercaszomor","Vas"
"Kercseliget","Somogy"
"Kerecsend","Heves"
"Kerecseny","Zala"
"Kerekegyháza","Bács-Kiskun"
"Kerekharaszt","Heves"
"Kereki","Somogy"
"Kerékteleki","Komárom-Esztergom"
"Kerepes","Pest"
"Keresztéte","Borsod-Abaúj-Zemplén"
"Kerkabarabás","Zala"
"Kerkafalva","Zala"
"Kerkakutas","Zala"
"Kerkáskápolna","Vas"
"Kerkaszentkirály","Zala"
"Kerkateskánd","Zala"
"Kérsemjén","Szabolcs-Szatmár-Bereg"
"Kerta","Veszprém"
"Kertészsziget","Békés"
"Keszeg","Nógrád"
"Kesznyéten","Borsod-Abaúj-Zemplén"
"Keszőhidegkút","Tolna"
"Keszthely","Zala"
"Kesztölc","Komárom-Esztergom"
"Keszü","Baranya"
"Kétbodony","Nógrád"
"Kétegyháza","Békés"
"Kéthely","Somogy"
"Kétpó","Jász-Nagykun-Szolnok"
"Kétsoprony","Békés"
"Kétújfalu","Baranya"
"Kétvölgy","Vas"
"Kéty","Tolna"
"Kevermes","Békés"
"Kilimán","Zala"
"Kimle","Győr-Moson-Sopron"
"Kincsesbánya","Fejér"
"Királd","Borsod-Abaúj-Zemplén"
"Királyegyháza","Baranya"
"Királyhegyes","Csongrád"
"Királyszentistván","Veszprém"
"Kisapáti","Veszprém"
"Kisapostag","Fejér"
"Kisar","Szabolcs-Szatmár-Bereg"
"Kisasszond","Somogy"
"Kisasszonyfa","Baranya"
"Kisbabot","Győr-Moson-Sopron"
"Kisbágyon","Nógrád"
"Kisbajcs","Győr-Moson-Sopron"
"Kisbajom","Somogy"
"Kisbárapáti","Somogy"
"Kisbárkány","Nógrád"
"Kisbér","Komárom-Esztergom"
"Kisberény","Somogy"
"Kisberzseny","Veszprém"
"Kisbeszterce","Baranya"
"Kisbodak","Győr-Moson-Sopron"
"Kisbucsa","Zala"
"Kisbudmér","Baranya"
"Kiscsécs","Borsod-Abaúj-Zemplén"
"Kiscsehi","Zala"
"Kiscsősz","Veszprém"
"Kisdér","Baranya"
"Kisdobsza","Baranya"
"Kisdombegyház","Békés"
"Kisdorog","Tolna"
"Kisecset","Nógrád"
"Kisfalud","Győr-Moson-Sopron"
"Kisfüzes","Heves"
"Kisgörbő","Zala"
"Kisgyalán","Somogy"
"Kisgyőr","Borsod-Abaúj-Zemplén"
"Kishajmás","Baranya"
"Kisharsány","Baranya"
"Kishartyán","Nógrád"
"Kisherend","Baranya"
"Kishódos","Szabolcs-Szatmár-Bereg"
"Kishuta","Borsod-Abaúj-Zemplén"
"Kisigmánd","Komárom-Esztergom"
"Kisjakabfalva","Baranya"
"Kiskassa","Baranya"
"Kiskinizs","Borsod-Abaúj-Zemplén"
"Kiskorpád","Somogy"
"Kisköre","Heves"
"Kiskőrös","Bács-Kiskun"
"Kiskunfélegyháza","Bács-Kiskun"
"Kiskunhalas","Bács-Kiskun"
"Kiskunlacháza","Pest"
"Kiskunmajsa","Bács-Kiskun"
"Kiskutas","Zala"
"Kisláng","Fejér"
"Kisléta","Szabolcs-Szatmár-Bereg"
"Kislippó","Baranya"
"Kislőd","Veszprém"
"Kismányok","Tolna"
"Kismarja","Hajdú-Bihar"
"Kismaros","Pest"
"Kisnamény","Szabolcs-Szatmár-Bereg"
"Kisnána","Heves"
"Kisnémedi","Pest"
"Kisnyárád","Baranya"
"Kisoroszi","Pest"
"Kispalád","Szabolcs-Szatmár-Bereg"
"Kispáli","Zala"
"Kispirit","Veszprém"
"Kisrákos","Vas"
"Kisrécse","Zala"
"Kisrozvágy","Borsod-Abaúj-Zemplén"
"Kissikátor","Borsod-Abaúj-Zemplén"
"Kissomlyó","Vas"
"Kistamási","Baranya"
"Kistapolca","Baranya"
"Kistarcsa","Pest"
"Kistelek","Csongrád"
"Kistokaj","Borsod-Abaúj-Zemplén"
"Kistolmács","Zala"
"Kistormás","Tolna"
"Kistótfalu","Baranya"
"Kisújszállás","Jász-Nagykun-Szolnok"
"Kisunyom","Vas"
"Kisvárda","Szabolcs-Szatmár-Bereg"
"Kisvarsány","Szabolcs-Szatmár-Bereg"
"Kisvásárhely","Zala"
"Kisvaszar","Baranya"
"Kisvejke","Tolna"
"Kiszombor","Csongrád"
"Kiszsidány","Vas"
"Kisszállás","Bács-Kiskun"
"Kisszékely","Tolna"
"Kisszekeres","Szabolcs-Szatmár-Bereg"
"Kisszentmárton","Baranya"
"Kissziget","Zala"
"Kisszőlős","Veszprém"
"Klárafalva","Csongrád"
"Kocs","Komárom-Esztergom"
"Kocsér","Pest"
"Kocsola","Tolna"
"Kocsord","Szabolcs-Szatmár-Bereg"
"Kóka","Pest"
"Kokad","Hajdú-Bihar"
"Kolontár","Veszprém"
"Komádi","Hajdú-Bihar"
"Komárom","Komárom-Esztergom"
"Komjáti","Borsod-Abaúj-Zemplén"
"Komló","Baranya"
"Komlódtótfalu","Szabolcs-Szatmár-Bereg"
"Komlósd","Somogy"
"Komlóska","Borsod-Abaúj-Zemplén"
"Komoró","Szabolcs-Szatmár-Bereg"
"Kompolt","Heves"
"Kondó","Borsod-Abaúj-Zemplén"
"Kondorfa","Vas"
"Kondoros","Békés"
"Kóny","Győr-Moson-Sopron"
"Konyár","Hajdú-Bihar"
"Kópháza","Győr-Moson-Sopron"
"Koppányszántó","Tolna"
"Korlát","Borsod-Abaúj-Zemplén"
"Koroncó","Győr-Moson-Sopron"
"Kórós","Baranya"
"Kosd","Pest"
"Kóspallag","Pest"
"Kótaj","Szabolcs-Szatmár-Bereg"
"Kovácshida","Baranya"
"Kovácsszénája","Baranya"
"Kovácsvágás","Borsod-Abaúj-Zemplén"
"Kozárd","Nógrád"
"Kozármisleny","Baranya"
"Kozmadombja","Zala"
"Köblény","Baranya"
"Köcsk","Vas"
"Kökény","Baranya"
"Kőkút","Somogy"
"Kölcse","Szabolcs-Szatmár-Bereg"
"Kölesd","Tolna"
"Kölked","Baranya"
"Kömlő","Heves"
"Kömlőd","Komárom-Esztergom"
"Kömörő","Szabolcs-Szatmár-Bereg"
"Kömpöc","Bács-Kiskun"
"Körmend","Vas"
"Környe","Komárom-Esztergom"
"Köröm","Borsod-Abaúj-Zemplén"
"Kőröshegy","Somogy"
"Körösladány","Békés"
"Körösnagyharsány","Békés"
"Köröstarcsa","Békés"
"Kőröstetétlen","Pest"
"Körösújfalu","Békés"
"Körösszakál","Hajdú-Bihar"
"Körösszegapáti","Hajdú-Bihar"
"Kőszárhegy","Fejér"
"Kőszeg","Vas"
"Kőszegdoroszló","Vas"
"Kőszegpaty","Vas"
"Kőszegszerdahely","Vas"
"Kötcse","Somogy"
"Kötegyán","Békés"
"Kőtelek","Jász-Nagykun-Szolnok"
"Kővágóörs","Veszprém"
"Kővágószőlős","Baranya"
"Kővágótöttös","Baranya"
"Kövegy","Csongrád"
"Köveskál","Veszprém"
"Krasznokvajda","Borsod-Abaúj-Zemplén"
"Kulcs","Fejér"
"Kunadacs","Bács-Kiskun"
"Kunágota","Békés"
"Kunbaja","Bács-Kiskun"
"Kunbaracs","Bács-Kiskun"
"Kuncsorba","Jász-Nagykun-Szolnok"
"Kunfehértó","Bács-Kiskun"
"Kunhegyes","Jász-Nagykun-Szolnok"
"Kunmadaras","Jász-Nagykun-Szolnok"
"Kunpeszér","Bács-Kiskun"
"Kunszállás","Bács-Kiskun"
"Kunszentmárton","Jász-Nagykun-Szolnok"
"Kunszentmiklós","Bács-Kiskun"
"Kunsziget","Győr-Moson-Sopron"
"Kup","Veszprém"
"Kupa","Borsod-Abaúj-Zemplén"
"Kurd","Tolna"
"Kurityán","Borsod-Abaúj-Zemplén"
"Kustánszeg","Zala"
"Kutas","Somogy"
"Kutasó","Nógrád"
"Kübekháza","Csongrád"
"Külsősárd","Zala"
"Külsővat","Veszprém"
"Küngös","Veszprém"
"Lábatlan","Komárom-Esztergom"
"Lábod","Somogy"
"Lácacséke","Borsod-Abaúj-Zemplén"
"Lad","Somogy"
"Ladánybene","Bács-Kiskun"
"Ládbesenyő","Borsod-Abaúj-Zemplén"
"Lajoskomárom","Fejér"
"Lajosmizse","Bács-Kiskun"
"Lak","Borsod-Abaúj-Zemplén"
"Lakhegy","Zala"
"Lakitelek","Bács-Kiskun"
"Lakócsa","Somogy"
"Lánycsók","Baranya"
"Lápafő","Tolna"
"Lapáncsa","Baranya"
"Laskod","Szabolcs-Szatmár-Bereg"
"Lasztonya","Zala"
"Látrány","Somogy"
"Lázi","Győr-Moson-Sopron"
"Leányfalu","Pest"
"Leányvár","Komárom-Esztergom"
"Lébény","Győr-Moson-Sopron"
"Legénd","Nógrád"
"Legyesbénye","Borsod-Abaúj-Zemplén"
"Léh","Borsod-Abaúj-Zemplén"
"Lénárddaróc","Borsod-Abaúj-Zemplén"
"Lendvadedes","Zala"
"Lendvajakabfa","Zala"
"Lengyel","Tolna"
"Lengyeltóti","Somogy"
"Lenti","Zala"
"Lepsény","Fejér"
"Lesencefalu","Veszprém"
"Lesenceistvánd","Veszprém"
"Lesencetomaj","Veszprém"
"Létavértes","Hajdú-Bihar"
"Letenye","Zala"
"Letkés","Pest"
"Levél","Győr-Moson-Sopron"
"Levelek","Szabolcs-Szatmár-Bereg"
"Libickozma","Somogy"
"Lickóvadamos","Zala"
"Liget","Baranya"
"Ligetfalva","Zala"
"Lipót","Győr-Moson-Sopron"
"Lippó","Baranya"
"Liptód","Baranya"
"Lispeszentadorján","Zala"
"Liszó","Zala"
"Litér","Veszprém"
"Litka","Borsod-Abaúj-Zemplén"
"Litke","Nógrád"
"Lócs","Vas"
"Lókút","Veszprém"
"Lónya","Szabolcs-Szatmár-Bereg"
"Lórév","Pest"
"Lothárd","Baranya"
"Lovas","Veszprém"
"Lovasberény","Fejér"
"Lovászhetény","Baranya"
"Lovászi","Zala"
"Lovászpatona","Veszprém"
"Lőkösháza","Békés"
"Lőrinci","Heves"
"Lövő","Győr-Moson-Sopron"
"Lövőpetri","Szabolcs-Szatmár-Bereg"
"Lucfalva","Nógrád"
"Ludányhalászi","Nógrád"
"Ludas","Heves"
"Lukácsháza","Vas"
"Lulla","Somogy"
"Lúzsok","Baranya"
"Mád","Borsod-Abaúj-Zemplén"
"Madaras","Bács-Kiskun"
"Madocsa","Tolna"
"Maglóca","Győr-Moson-Sopron"
"Maglód","Pest"
"Mágocs","Baranya"
"Magosliget","Szabolcs-Szatmár-Bereg"
"Magy","Szabolcs-Szatmár-Bereg"
"Magyaralmás","Fejér"
"Magyaratád","Somogy"
"Magyarbánhegyes","Békés"
"Magyarbóly","Baranya"
"Magyarcsanád","Csongrád"
"Magyardombegyház","Békés"
"Magyaregregy","Baranya"
"Magyaregres","Somogy"
"Magyarföld","Zala"
"Magyargéc","Nógrád"
"Magyargencs","Veszprém"
"Magyarhertelend","Baranya"
"Magyarhomorog","Hajdú-Bihar"
"Magyarkeresztúr","Győr-Moson-Sopron"
"Magyarkeszi","Tolna"
"Magyarlak","Vas"
"Magyarlukafa","Baranya"
"Magyarmecske","Baranya"
"Magyarnádalja","Vas"
"Magyarnándor","Nógrád"
"Magyarpolány","Veszprém"
"Magyarsarlós","Baranya"
"Magyarszecsőd","Vas"
"Magyarszék","Baranya"
"Magyarszentmiklós","Zala"
"Magyarszerdahely","Zala"
"Magyarszombatfa","Vas"
"Magyartelek","Baranya"
"Majosháza","Pest"
"Majs","Baranya"
"Makád","Pest"
"Makkoshotyka","Borsod-Abaúj-Zemplén"
"Maklár","Heves"
"Makó","Csongrád"
"Malomsok","Veszprém"
"Mályi","Borsod-Abaúj-Zemplén"
"Mályinka","Borsod-Abaúj-Zemplén"
"Mánd","Szabolcs-Szatmár-Bereg"
"Mándok","Szabolcs-Szatmár-Bereg"
"Mánfa","Baranya"
"Mány","Fejér"
"Maráza","Baranya"
"Marcalgergelyi","Veszprém"
"Marcali","Somogy"
"Marcaltő","Veszprém"
"Márfa","Baranya"
"Máriahalom","Komárom-Esztergom"
"Máriakálnok","Győr-Moson-Sopron"
"Máriakéménd","Baranya"
"Márianosztra","Pest"
"Máriapócs","Szabolcs-Szatmár-Bereg"
"Markaz","Heves"
"Márkháza","Nógrád"
"Márkó","Veszprém"
"Markóc","Baranya"
"Markotabödöge","Győr-Moson-Sopron"
"Maróc","Zala"
"Marócsa","Baranya"
"Márok","Baranya"
"Márokföld","Zala"
"Márokpapi","Szabolcs-Szatmár-Bereg"
"Maroslele","Csongrád"
"Mártély","Csongrád"
"Martfű","Jász-Nagykun-Szolnok"
"Martonfa","Baranya"
"Martonvásár","Fejér"
"Martonyi","Borsod-Abaúj-Zemplén"
"Mátészalka","Szabolcs-Szatmár-Bereg"
"Mátételke","Bács-Kiskun"
"Mátraballa","Heves"
"Mátraderecske","Heves"
"Mátramindszent","Nógrád"
"Mátranovák","Nógrád"
"Mátraszele","Nógrád"
"Mátraszentimre","Heves"
"Mátraszőlős","Nógrád"
"Mátraterenye","Nógrád"
"Mátraverebély","Nógrád"
"Mátyásdomb","Fejér"
"Matty","Baranya"
"Mátyus","Szabolcs-Szatmár-Bereg"
"Máza","Baranya"
"Mecseknádasd","Baranya"
"Mecsekpölöske","Baranya"
"Mecsér","Győr-Moson-Sopron"
"Medgyesbodzás","Békés"
"Medgyesegyháza","Békés"
"Medina","Tolna"
"Megyaszó","Borsod-Abaúj-Zemplén"
"Megyehíd","Vas"
"Megyer","Veszprém"
"Meggyeskovácsi","Vas"
"Méhkerék","Békés"
"Méhtelek","Szabolcs-Szatmár-Bereg"
"Mekényes","Baranya"
"Mélykút","Bács-Kiskun"
"Mencshely","Veszprém"
"Mende","Pest"
"Méra","Borsod-Abaúj-Zemplén"
"Merenye","Baranya"
"Mérges","Győr-Moson-Sopron"
"Mérk","Szabolcs-Szatmár-Bereg"
"Mernye","Somogy"
"Mersevát","Vas"
"Mesterháza","Vas"
"Mesteri","Vas"
"Mesterszállás","Jász-Nagykun-Szolnok"
"Meszes","Borsod-Abaúj-Zemplén"
"Meszlen","Vas"
"Mesztegnyő","Somogy"
"Mezőberény","Békés"
"Mezőcsát","Borsod-Abaúj-Zemplén"
"Mezőcsokonya","Somogy"
"Meződ","Baranya"
"Mezőfalva","Fejér"
"Mezőgyán","Békés"
"Mezőhegyes","Békés"
"Mezőhék","Jász-Nagykun-Szolnok"
"Mezőkeresztes","Borsod-Abaúj-Zemplén"
"Mezőkomárom","Fejér"
"Mezőkovácsháza","Békés"
"Mezőkövesd","Borsod-Abaúj-Zemplén"
"Mezőladány","Szabolcs-Szatmár-Bereg"
"Mezőlak","Veszprém"
"Mezőnagymihály","Borsod-Abaúj-Zemplén"
"Mezőnyárád","Borsod-Abaúj-Zemplén"
"Mezőörs","Győr-Moson-Sopron"
"Mezőpeterd","Hajdú-Bihar"
"Mezősas","Hajdú-Bihar"
"Mezőszemere","Heves"
"Mezőszentgyörgy","Fejér"
"Mezőszilas","Fejér"
"Mezőtárkány","Heves"
"Mezőtúr","Jász-Nagykun-Szolnok"
"Mezőzombor","Borsod-Abaúj-Zemplén"
"Miháld","Zala"
"Mihályfa","Zala"
"Mihálygerge","Nógrád"
"Mihályháza","Veszprém"
"Mihályi","Győr-Moson-Sopron"
"Mike","Somogy"
"Mikebuda","Pest"
"Mikekarácsonyfa","Zala"
"Mikepércs","Hajdú-Bihar"
"Miklósi","Somogy"
"Mikófalva","Heves"
"Mikóháza","Borsod-Abaúj-Zemplén"
"Mikosszéplak","Vas"
"Milejszeg","Zala"
"Milota","Szabolcs-Szatmár-Bereg"
"Mindszent","Csongrád"
"Mindszentgodisa","Baranya"
"Mindszentkálla","Veszprém"
"Misefa","Zala"
"Miske","Bács-Kiskun"
"Miskolc","Borsod-Abaúj-Zemplén"
"Miszla","Tolna"
"Mocsa","Komárom-Esztergom"
"Mogyoród","Pest"
"Mogyorósbánya","Komárom-Esztergom"
"Mogyoróska","Borsod-Abaúj-Zemplén"
"Moha","Fejér"
"Mohács","Baranya"
"Mohora","Nógrád"
"Molnári","Zala"
"Molnaszecsőd","Vas"
"Molvány","Baranya"
"Monaj","Borsod-Abaúj-Zemplén"
"Monok","Borsod-Abaúj-Zemplén"
"Monor","Pest"
"Monorierdő","Pest"
"Mónosbél","Heves"
"Monostorapáti","Veszprém"
"Monostorpályi","Hajdú-Bihar"
"Monoszló","Veszprém"
"Monyoród","Baranya"
"Mór","Fejér"
"Mórágy","Tolna"
"Mórahalom","Csongrád"
"Móricgát","Bács-Kiskun"
"Mórichida","Győr-Moson-Sopron"
"Mosdós","Somogy"
"Mosonmagyaróvár","Győr-Moson-Sopron"
"Mosonszentmiklós","Győr-Moson-Sopron"
"Mosonszolnok","Győr-Moson-Sopron"
"Mosonudvar","Győr-Moson-Sopron"
"Mozsgó","Baranya"
"Mőcsény","Tolna"
"Mucsfa","Tolna"
"Mucsi","Tolna"
"Múcsony","Borsod-Abaúj-Zemplén"
"Muhi","Borsod-Abaúj-Zemplén"
"Murakeresztúr","Zala"
"Murarátka","Zala"
"Muraszemenye","Zala"
"Murga","Tolna"
"Murony","Békés"
"Nábrád","Szabolcs-Szatmár-Bereg"
"Nadap","Fejér"
"Nádasd","Vas"
"Nádasdladány","Fejér"
"Nádudvar","Hajdú-Bihar"
"Nágocs","Somogy"
"Nagyacsád","Veszprém"
"Nagyalásony","Veszprém"
"Nagyar","Szabolcs-Szatmár-Bereg"
"Nagyatád","Somogy"
"Nagybajcs","Győr-Moson-Sopron"
"Nagybajom","Somogy"
"Nagybakónak","Zala"
"Nagybánhegyes","Békés"
"Nagybaracska","Bács-Kiskun"
"Nagybarca","Borsod-Abaúj-Zemplén"
"Nagybárkány","Nógrád"
"Nagyberény","Somogy"
"Nagyberki","Somogy"
"Nagybörzsöny","Pest"
"Nagybudmér","Baranya"
"Nagycenk","Győr-Moson-Sopron"
"Nagycsány","Baranya"
"Nagycsécs","Borsod-Abaúj-Zemplén"
"Nagycsepely","Somogy"
"Nagycserkesz","Szabolcs-Szatmár-Bereg"
"Nagydém","Veszprém"
"Nagydobos","Szabolcs-Szatmár-Bereg"
"Nagydobsza","Baranya"
"Nagydorog","Tolna"
"Nagyecsed","Szabolcs-Szatmár-Bereg"
"Nagyér","Csongrád"
"Nagyesztergár","Veszprém"
"Nagyfüged","Heves"
"Nagygeresd","Vas"
"Nagygörbő","Zala"
"Nagygyimót","Veszprém"
"Nagyhajmás","Baranya"
"Nagyhalász","Szabolcs-Szatmár-Bereg"
"Nagyharsány","Baranya"
"Nagyhegyes","Hajdú-Bihar"
"Nagyhódos","Szabolcs-Szatmár-Bereg"
"Nagyhuta","Borsod-Abaúj-Zemplén"
"Nagyigmánd","Komárom-Esztergom"
"Nagyiván","Jász-Nagykun-Szolnok"
"Nagykálló","Szabolcs-Szatmár-Bereg"
"Nagykamarás","Békés"
"Nagykanizsa","Zala"
"Nagykapornak","Zala"
"Nagykarácsony","Fejér"
"Nagykáta","Pest"
"Nagykereki","Hajdú-Bihar"
"Nagykeresztúr","Nógrád"
"Nagykinizs","Borsod-Abaúj-Zemplén"
"Nagykónyi","Tolna"
"Nagykorpád","Somogy"
"Nagykovácsi","Pest"
"Nagykozár","Baranya"
"Nagykökényes","Heves"
"Nagykölked","Vas"
"Nagykőrös","Pest"
"Nagykörű","Jász-Nagykun-Szolnok"
"Nagykutas","Zala"
"Nagylak","Csongrád"
"Nagylengyel","Zala"
"Nagylóc","Nógrád"
"Nagylók","Fejér"
"Nagylózs","Győr-Moson-Sopron"
"Nagymágocs","Csongrád"
"Nagymányok","Tolna"
"Nagymaros","Pest"
"Nagymizdó","Vas"
"Nagynyárád","Baranya"
"Nagyoroszi","Nógrád"
"Nagypáli","Zala"
"Nagypall","Baranya"
"Nagypeterd","Baranya"
"Nagypirit","Veszprém"
"Nagyrábé","Hajdú-Bihar"
"Nagyrada","Zala"
"Nagyrákos","Vas"
"Nagyrécse","Zala"
"Nagyréde","Heves"
"Nagyrév","Jász-Nagykun-Szolnok"
"Nagyrozvágy","Borsod-Abaúj-Zemplén"
"Nagysáp","Komárom-Esztergom"
"Nagysimonyi","Vas"
"Nagyszakácsi","Somogy"
"Nagyszékely","Tolna"
"Nagyszekeres","Szabolcs-Szatmár-Bereg"
"Nagyszénás","Békés"
"Nagyszentjános","Győr-Moson-Sopron"
"Nagyszokoly","Tolna"
"Nagytálya","Heves"
"Nagytarcsa","Pest"
"Nagytevel","Veszprém"
"Nagytilaj","Vas"
"Nagytótfalu","Baranya"
"Nagytőke","Csongrád"
"Nagyút","Heves"
"Nagyvarsány","Szabolcs-Szatmár-Bereg"
"Nagyváty","Baranya"
"Nagyvázsony","Veszprém"
"Nagyvejke","Tolna"
"Nagyveleg","Fejér"
"Nagyvenyim","Fejér"
"Nagyvisnyó","Heves"
"Nak","Tolna"
"Napkor","Szabolcs-Szatmár-Bereg"
"Nárai","Vas"
"Narda","Vas"
"Naszály","Komárom-Esztergom"
"Négyes","Borsod-Abaúj-Zemplén"
"Nekézseny","Borsod-Abaúj-Zemplén"
"Nemesapáti","Zala"
"Nemesbikk","Borsod-Abaúj-Zemplén"
"Nemesborzova","Szabolcs-Szatmár-Bereg"
"Nemesbőd","Vas"
"Nemesbük","Zala"
"Nemescsó","Vas"
"Nemesdéd","Somogy"
"Nemesgörzsöny","Veszprém"
"Nemesgulács","Veszprém"
"Nemeshany","Veszprém"
"Nemeshetés","Zala"
"Nemeske","Baranya"
"Nemeskér","Győr-Moson-Sopron"
"Nemeskeresztúr","Vas"
"Nemeskisfalud","Somogy"
"Nemeskocs","Vas"
"Nemeskolta","Vas"
"Nemesládony","Vas"
"Nemesmedves","Vas"
"Nemesnádudvar","Bács-Kiskun"
"Nemesnép","Zala"
"Nemespátró","Zala"
"Nemesrádó","Zala"
"Nemesrempehollós","Vas"
"Nemessándorháza","Zala"
"Nemesvámos","Veszprém"
"Nemesvid","Somogy"
"Nemesvita","Veszprém"
"Nemesszalók","Veszprém"
"Nemesszentandrás","Zala"
"Németbánya","Veszprém"
"Németfalu","Zala"
"Németkér","Tolna"
"Nemti","Nógrád"
"Neszmély","Komárom-Esztergom"
"Nézsa","Nógrád"
"Nick","Vas"
"Nikla","Somogy"
"Nógrád","Nógrád"
"Nógrádkövesd","Nógrád"
"Nógrádmarcal","Nógrád"
"Nógrádmegyer","Nógrád"
"Nógrádsáp","Nógrád"
"Nógrádsipek","Nógrád"
"Nógrádszakál","Nógrád"
"Nóráp","Veszprém"
"Noszlop","Veszprém"
"Noszvaj","Heves"
"Nova","Zala"
"Novaj","Heves"
"Novajidrány","Borsod-Abaúj-Zemplén"
"Nőtincs","Nógrád"
"Nyalka","Győr-Moson-Sopron"
"Nyárád","Veszprém"
"Nyáregyháza","Pest"
"Nyárlőrinc","Bács-Kiskun"
"Nyársapát","Pest"
"Nyékládháza","Borsod-Abaúj-Zemplén"
"Nyergesújfalu","Komárom-Esztergom"
"Nyésta","Borsod-Abaúj-Zemplén"
"Nyim","Somogy"
"Nyírábrány","Hajdú-Bihar"
"Nyíracsád","Hajdú-Bihar"
"Nyirád","Veszprém"
"Nyíradony","Hajdú-Bihar"
"Nyírbátor","Szabolcs-Szatmár-Bereg"
"Nyírbéltek","Szabolcs-Szatmár-Bereg"
"Nyírbogát","Szabolcs-Szatmár-Bereg"
"Nyírbogdány","Szabolcs-Szatmár-Bereg"
"Nyírcsaholy","Szabolcs-Szatmár-Bereg"
"Nyírcsászári","Szabolcs-Szatmár-Bereg"
"Nyírderzs","Szabolcs-Szatmár-Bereg"
"Nyíregyháza","Szabolcs-Szatmár-Bereg"
"Nyírgelse","Szabolcs-Szatmár-Bereg"
"Nyírgyulaj","Szabolcs-Szatmár-Bereg"
"Nyíri","Borsod-Abaúj-Zemplén"
"Nyíribrony","Szabolcs-Szatmár-Bereg"
"Nyírjákó","Szabolcs-Szatmár-Bereg"
"Nyírkarász","Szabolcs-Szatmár-Bereg"
"Nyírkáta","Szabolcs-Szatmár-Bereg"
"Nyírkércs","Szabolcs-Szatmár-Bereg"
"Nyírlövő","Szabolcs-Szatmár-Bereg"
"Nyírlugos","Szabolcs-Szatmár-Bereg"
"Nyírmada","Szabolcs-Szatmár-Bereg"
"Nyírmártonfalva","Hajdú-Bihar"
"Nyírmeggyes","Szabolcs-Szatmár-Bereg"
"Nyírmihálydi","Szabolcs-Szatmár-Bereg"
"Nyírparasznya","Szabolcs-Szatmár-Bereg"
"Nyírpazony","Szabolcs-Szatmár-Bereg"
"Nyírpilis","Szabolcs-Szatmár-Bereg"
"Nyírtass","Szabolcs-Szatmár-Bereg"
"Nyírtelek","Szabolcs-Szatmár-Bereg"
"Nyírtét","Szabolcs-Szatmár-Bereg"
"Nyírtura","Szabolcs-Szatmár-Bereg"
"Nyírvasvári","Szabolcs-Szatmár-Bereg"
"Nyomár","Borsod-Abaúj-Zemplén"
"Nyőgér","Vas"
"Nyugotszenterzsébet","Baranya"
"Nyúl","Győr-Moson-Sopron"
"Óbánya","Baranya"
"Óbarok","Fejér"
"Óbudavár","Veszprém"
"Ócsa","Pest"
"Ócsárd","Baranya"
"Ófalu","Baranya"
"Ófehértó","Szabolcs-Szatmár-Bereg"
"Óföldeák","Csongrád"
"Óhíd","Zala"
"Okány","Békés"
"Okorág","Baranya"
"Okorvölgy","Baranya"
"Olasz","Baranya"
"Olaszfa","Vas"
"Olaszfalu","Veszprém"
"Olaszliszka","Borsod-Abaúj-Zemplén"
"Olcsva","Szabolcs-Szatmár-Bereg"
"Olcsvaapáti","Szabolcs-Szatmár-Bereg"
"Old","Baranya"
"Ólmod","Vas"
"Oltárc","Zala"
"Onga","Borsod-Abaúj-Zemplén"
"Ónod","Borsod-Abaúj-Zemplén"
"Ópályi","Szabolcs-Szatmár-Bereg"
"Ópusztaszer","Csongrád"
"Orbányosfa","Zala"
"Orci","Somogy"
"Ordacsehi","Somogy"
"Ordas","Bács-Kiskun"
"Orfalu","Vas"
"Orfű","Baranya"
"Orgovány","Bács-Kiskun"
"Ormándlak","Zala"
"Ormosbánya","Borsod-Abaúj-Zemplén"
"Orosháza","Békés"
"Oroszi","Veszprém"
"Oroszlány","Komárom-Esztergom"
"Oroszló","Baranya"
"Orosztony","Zala"
"Ortaháza","Zala"
"Osli","Győr-Moson-Sopron"
"Ostffyasszonyfa","Vas"
"Ostoros","Heves"
"Oszkó","Vas"
"Oszlár","Borsod-Abaúj-Zemplén"
"Osztopán","Somogy"
"Ózd","Borsod-Abaúj-Zemplén"
"Ózdfalu","Baranya"
"Ozmánbük","Zala"
"Ozora","Tolna"
"Öcs","Veszprém"
"Őcsény","Tolna"
"Öcsöd","Jász-Nagykun-Szolnok"
"Ököritófülpös","Szabolcs-Szatmár-Bereg"
"Ölbő","Vas"
"Ömböly","Szabolcs-Szatmár-Bereg"
"Őr","Szabolcs-Szatmár-Bereg"
"Őrbottyán","Pest"
"Öregcsertő","Bács-Kiskun"
"Öreglak","Somogy"
"Őrhalom","Nógrád"
"Őrimagyarósd","Vas"
"Őriszentpéter","Vas"
"Örkény","Pest"
"Örményes","Jász-Nagykun-Szolnok"
"Örménykút","Békés"
"Őrtilos","Somogy"
"Örvényes","Veszprém"
"Ősagárd","Nógrád"
"Ősi","Veszprém"
"Öskü","Veszprém"
"Öttevény","Győr-Moson-Sopron"
"Öttömös","Csongrád"
"Ötvöskónyi","Somogy"
"Pácin","Borsod-Abaúj-Zemplén"
"Pacsa","Zala"
"Pácsony","Vas"
"Padár","Zala"
"Páhi","Bács-Kiskun"
"Páka","Zala"
"Pakod","Zala"
"Pákozd","Fejér"
"Paks","Tolna"
"Palé","Baranya"
"Pálfa","Tolna"
"Pálfiszeg","Zala"
"Pálháza","Borsod-Abaúj-Zemplén"
"Páli","Győr-Moson-Sopron"
"Palkonya","Baranya"
"Pálmajor","Somogy"
"Pálmonostora","Bács-Kiskun"
"Pálosvörösmart","Heves"
"Palotabozsok","Baranya"
"Palotás","Nógrád"
"Paloznak","Veszprém"
"Pamlény","Borsod-Abaúj-Zemplén"
"Pamuk","Somogy"
"Pánd","Pest"
"Pankasz","Vas"
"Pannonhalma","Győr-Moson-Sopron"
"Pányok","Borsod-Abaúj-Zemplén"
"Panyola","Szabolcs-Szatmár-Bereg"
"Pap","Szabolcs-Szatmár-Bereg"
"Pápa","Veszprém"
"Pápadereske","Veszprém"
"Pápakovácsi","Veszprém"
"Pápasalamon","Veszprém"
"Pápateszér","Veszprém"
"Papkeszi","Veszprém"
"Pápoc","Vas"
"Papos","Szabolcs-Szatmár-Bereg"
"Páprád","Baranya"
"Parád","Heves"
"Parádsasvár","Heves"
"Parasznya","Borsod-Abaúj-Zemplén"
"Pári","Tolna"
"Paszab","Szabolcs-Szatmár-Bereg"
"Pásztó","Nógrád"
"Pásztori","Győr-Moson-Sopron"
"Pat","Zala"
"Patak","Nógrád"
"Patalom","Somogy"
"Patapoklosi","Baranya"
"Patca","Somogy"
"Pátka","Fejér"
"Patosfa","Somogy"
"Pátroha","Szabolcs-Szatmár-Bereg"
"Patvarc","Nógrád"
"Páty","Pest"
"Pátyod","Szabolcs-Szatmár-Bereg"
"Pázmánd","Fejér"
"Pázmándfalu","Győr-Moson-Sopron"
"Pécel","Pest"
"Pecöl","Vas"
"Pécs","Baranya"
"Pécsbagota","Baranya"
"Pécsdevecser","Baranya"
"Pécsely","Veszprém"
"Pécsudvard","Baranya"
"Pécsvárad","Baranya"
"Pellérd","Baranya"
"Pély","Heves"
"Penc","Pest"
"Penészlek","Szabolcs-Szatmár-Bereg"
"Pénzesgyőr","Veszprém"
"Penyige","Szabolcs-Szatmár-Bereg"
"Pér","Győr-Moson-Sopron"
"Perbál","Pest"
"Pere","Borsod-Abaúj-Zemplén"
"Perecse","Borsod-Abaúj-Zemplén"
"Pereked","Baranya"
"Perenye","Vas"
"Peresznye","Vas"
"Pereszteg","Győr-Moson-Sopron"
"Perkáta","Fejér"
"Perkupa","Borsod-Abaúj-Zemplén"
"Perőcsény","Pest"
"Peterd","Baranya"
"Péterhida","Somogy"
"Péteri","Pest"
"Pétervására","Heves"
"Pétfürdő","Veszprém"
"Pethőhenye","Zala"
"Petneháza","Szabolcs-Szatmár-Bereg"
"Petőfibánya","Heves"
"Petőfiszállás","Bács-Kiskun"
"Petőháza","Győr-Moson-Sopron"
"Petőmihályfa","Vas"
"Petrikeresztúr","Zala"
"Petrivente","Zala"
"Pettend","Baranya"
"Piliny","Nógrád"
"Pilis","Pest"
"Pilisborosjenő","Pest"
"Piliscsaba","Pest"
"Piliscsév","Komárom-Esztergom"
"Pilisjászfalu","Pest"
"Pilismarót","Komárom-Esztergom"
"Pilisvörösvár","Pest"
"Pilisszántó","Pest"
"Pilisszentiván","Pest"
"Pilisszentkereszt","Pest"
"Pilisszentlászló","Pest"
"Pincehely","Tolna"
"Pinkamindszent","Vas"
"Pinnye","Győr-Moson-Sopron"
"Piricse","Szabolcs-Szatmár-Bereg"
"Pirtó","Bács-Kiskun"
"Piskó","Baranya"
"Pitvaros","Csongrád"
"Pócsa","Baranya"
"Pocsaj","Hajdú-Bihar"
"Pócsmegyer","Pest"
"Pócspetri","Szabolcs-Szatmár-Bereg"
"Pogány","Baranya"
"Pogányszentpéter","Somogy"
"Pókaszepetk","Zala"
"Polány","Somogy"
"Polgár","Hajdú-Bihar"
"Polgárdi","Fejér"
"Pomáz","Pest"
"Porcsalma","Szabolcs-Szatmár-Bereg"
"Pornóapáti","Vas"
"Poroszló","Heves"
"Porpác","Vas"
"Porrog","Somogy"
"Porrogszentkirály","Somogy"
"Porrogszentpál","Somogy"
"Pórszombat","Zala"
"Porva","Veszprém"
"Pósfa","Vas"
"Potony","Somogy"
"Potyond","Győr-Moson-Sopron"
"Pölöske","Zala"
"Pölöskefő","Zala"
"Pörböly","Tolna"
"Pördefölde","Zala"
"Pötréte","Zala"
"Prügy","Borsod-Abaúj-Zemplén"
"Pula","Veszprém"
"Pusztaapáti","Zala"
"Pusztaberki","Nógrád"
"Pusztacsalád","Győr-Moson-Sopron"
"Pusztacsó","Vas"
"Pusztadobos","Szabolcs-Szatmár-Bereg"
"Pusztaederics","Zala"
"Pusztafalu","Borsod-Abaúj-Zemplén"
"Pusztaföldvár","Békés"
"Pusztahencse","Tolna"
"Pusztakovácsi","Somogy"
"Pusztamagyaród","Zala"
"Pusztamérges","Csongrád"
"Pusztamiske","Veszprém"
"Pusztamonostor","Jász-Nagykun-Szolnok"
"Pusztaottlaka","Békés"
"Pusztaradvány","Borsod-Abaúj-Zemplén"
"Pusztaszabolcs","Fejér"
"Pusztaszemes","Somogy"
"Pusztaszentlászló","Zala"
"Pusztaszer","Csongrád"
"Pusztavacs","Pest"
"Pusztavám","Fejér"
"Pusztazámor","Pest"
"Putnok","Borsod-Abaúj-Zemplén"
"Püski","Győr-Moson-Sopron"
"Püspökhatvan","Pest"
"Püspökladány","Hajdú-Bihar"
"Püspökmolnári","Vas"
"Püspökszilágy","Pest"
"Rábacsanak","Győr-Moson-Sopron"
"Rábacsécsény","Győr-Moson-Sopron"
"Rábagyarmat","Vas"
"Rábahídvég","Vas"
"Rábakecöl","Győr-Moson-Sopron"
"Rábapatona","Győr-Moson-Sopron"
"Rábapaty","Vas"
"Rábapordány","Győr-Moson-Sopron"
"Rábasebes","Győr-Moson-Sopron"
"Rábaszentandrás","Győr-Moson-Sopron"
"Rábaszentmihály","Győr-Moson-Sopron"
"Rábaszentmiklós","Győr-Moson-Sopron"
"Rábatamási","Győr-Moson-Sopron"
"Rábatöttös","Vas"
"Rábcakapi","Győr-Moson-Sopron"
"Rácalmás","Fejér"
"Ráckeresztúr","Fejér"
"Ráckeve","Pest"
"Rád","Pest"
"Rádfalva","Baranya"
"Rádóckölked","Vas"
"Radostyán","Borsod-Abaúj-Zemplén"
"Ragály","Borsod-Abaúj-Zemplén"
"Rajka","Győr-Moson-Sopron"
"Rakaca","Borsod-Abaúj-Zemplén"
"Rakacaszend","Borsod-Abaúj-Zemplén"
"Rakamaz","Szabolcs-Szatmár-Bereg"
"Rákóczibánya","Nógrád"
"Rákóczifalva","Jász-Nagykun-Szolnok"
"Rákócziújfalu","Jász-Nagykun-Szolnok"
"Ráksi","Somogy"
"Ramocsa","Zala"
"Ramocsaháza","Szabolcs-Szatmár-Bereg"
"Rápolt","Szabolcs-Szatmár-Bereg"
"Raposka","Veszprém"
"Rásonysápberencs","Borsod-Abaúj-Zemplén"
"Rátka","Borsod-Abaúj-Zemplén"
"Rátót","Vas"
"Ravazd","Győr-Moson-Sopron"
"Recsk","Heves"
"Réde","Komárom-Esztergom"
"Rédics","Zala"
"Regéc","Borsod-Abaúj-Zemplén"
"Regenye","Baranya"
"Regöly","Tolna"
"Rém","Bács-Kiskun"
"Remeteszőlős","Pest"
"Répáshuta","Borsod-Abaúj-Zemplén"
"Répcelak","Vas"
"Répceszemere","Győr-Moson-Sopron"
"Répceszentgyörgy","Vas"
"Répcevis","Győr-Moson-Sopron"
"Resznek","Zala"
"Rétalap","Győr-Moson-Sopron"
"Rétközberencs","Szabolcs-Szatmár-Bereg"
"Rétság","Nógrád"
"Révfülöp","Veszprém"
"Révleányvár","Borsod-Abaúj-Zemplén"
"Rezi","Zala"
"Ricse","Borsod-Abaúj-Zemplén"
"Rigács","Veszprém"
"Rigyác","Zala"
"Rimóc","Nógrád"
"Rinyabesenyő","Somogy"
"Rinyakovácsi","Somogy"
"Rinyaszentkirály","Somogy"
"Rinyaújlak","Somogy"
"Rinyaújnép","Somogy"
"Rohod","Szabolcs-Szatmár-Bereg"
"Románd","Győr-Moson-Sopron"
"Romhány","Nógrád"
"Romonya","Baranya"
"Rózsafa","Baranya"
"Rozsály","Szabolcs-Szatmár-Bereg"
"Rózsaszentmárton","Heves"
"Röjtökmuzsaj","Győr-Moson-Sopron"
"Rönök","Vas"
"Röszke","Csongrád"
"Rudabánya","Borsod-Abaúj-Zemplén"
"Rudolftelep","Borsod-Abaúj-Zemplén"
"Rum","Vas"
"Ruzsa","Csongrád"
"Ságújfalu","Nógrád"
"Ságvár","Somogy"
"Sajóbábony","Borsod-Abaúj-Zemplén"
"Sajóecseg","Borsod-Abaúj-Zemplén"
"Sajógalgóc","Borsod-Abaúj-Zemplén"
"Sajóhídvég","Borsod-Abaúj-Zemplén"
"Sajóivánka","Borsod-Abaúj-Zemplén"
"Sajókápolna","Borsod-Abaúj-Zemplén"
"Sajókaza","Borsod-Abaúj-Zemplén"
"Sajókeresztúr","Borsod-Abaúj-Zemplén"
"Sajólád","Borsod-Abaúj-Zemplén"
"Sajólászlófalva","Borsod-Abaúj-Zemplén"
"Sajómercse","Borsod-Abaúj-Zemplén"
"Sajónémeti","Borsod-Abaúj-Zemplén"
"Sajóörös","Borsod-Abaúj-Zemplén"
"Sajópálfala","Borsod-Abaúj-Zemplén"
"Sajópetri","Borsod-Abaúj-Zemplén"
"Sajópüspöki","Borsod-Abaúj-Zemplén"
"Sajósenye","Borsod-Abaúj-Zemplén"
"Sajószentpéter","Borsod-Abaúj-Zemplén"
"Sajószöged","Borsod-Abaúj-Zemplén"
"Sajóvámos","Borsod-Abaúj-Zemplén"
"Sajóvelezd","Borsod-Abaúj-Zemplén"
"Sajtoskál","Vas"
"Salföld","Veszprém"
"Salgótarján","Nógrád"
"Salköveskút","Vas"
"Salomvár","Zala"
"Sály","Borsod-Abaúj-Zemplén"
"Sámod","Baranya"
"Sámsonháza","Nógrád"
"Sand","Zala"
"Sándorfalva","Csongrád"
"Sántos","Somogy"
"Sáp","Hajdú-Bihar"
"Sáránd","Hajdú-Bihar"
"Sárazsadány","Borsod-Abaúj-Zemplén"
"Sárbogárd","Fejér"
"Sáregres","Fejér"
"Sárfimizdó","Vas"
"Sárhida","Zala"
"Sárisáp","Komárom-Esztergom"
"Sarkad","Békés"
"Sarkadkeresztúr","Békés"
"Sárkeresztes","Fejér"
"Sárkeresztúr","Fejér"
"Sárkeszi","Fejér"
"Sármellék","Zala"
"Sárok","Baranya"
"Sárosd","Fejér"
"Sárospatak","Borsod-Abaúj-Zemplén"
"Sárpilis","Tolna"
"Sárrétudvari","Hajdú-Bihar"
"Sarród","Győr-Moson-Sopron"
"Sárszentágota","Fejér"
"Sárszentlőrinc","Tolna"
"Sárszentmihály","Fejér"
"Sarud","Heves"
"Sárvár","Vas"
"Sásd","Baranya"
"Sáska","Veszprém"
"Sáta","Borsod-Abaúj-Zemplén"
"Sátoraljaújhely","Borsod-Abaúj-Zemplén"
"Sátorhely","Baranya"
"Sávoly","Somogy"
"Sé","Vas"
"Segesd","Somogy"
"Selyeb","Borsod-Abaúj-Zemplén"
"Sellye","Baranya"
"Semjén","Borsod-Abaúj-Zemplén"
"Semjénháza","Zala"
"Sénye","Zala"
"Sényő","Szabolcs-Szatmár-Bereg"
"Seregélyes","Fejér"
"Serényfalva","Borsod-Abaúj-Zemplén"
"Sérsekszőlős","Somogy"
"Sikátor","Győr-Moson-Sopron"
"Siklós","Baranya"
"Siklósbodony","Baranya"
"Siklósnagyfalu","Baranya"
"Sima","Borsod-Abaúj-Zemplén"
"Simaság","Vas"
"Simonfa","Somogy"
"Simontornya","Tolna"
"Sióagárd","Tolna"
"Siófok","Somogy"
"Siójut","Somogy"
"Sirok","Heves"
"Sitke","Vas"
"Sobor","Győr-Moson-Sopron"
"Sokorópátka","Győr-Moson-Sopron"
"Solt","Bács-Kiskun"
"Soltszentimre","Bács-Kiskun"
"Soltvadkert","Bács-Kiskun"
"Sóly","Veszprém"
"Solymár","Pest"
"Som","Somogy"
"Somberek","Baranya"
"Somlójenő","Veszprém"
"Somlószőlős","Veszprém"
"Somlóvásárhely","Veszprém"
"Somlóvecse","Veszprém"
"Somodor","Somogy"
"Somogyacsa","Somogy"
"Somogyapáti","Baranya"
"Somogyaracs","Somogy"
"Somogyaszaló","Somogy"
"Somogybabod","Somogy"
"Somogybükkösd","Somogy"
"Somogycsicsó","Somogy"
"Somogydöröcske","Somogy"
"Somogyegres","Somogy"
"Somogyfajsz","Somogy"
"Somogygeszti","Somogy"
"Somogyhárságy","Baranya"
"Somogyhatvan","Baranya"
"Somogyjád","Somogy"
"Somogymeggyes","Somogy"
"Somogysámson","Somogy"
"Somogysárd","Somogy"
"Somogysimonyi","Somogy"
"Somogyszentpál","Somogy"
"Somogyszil","Somogy"
"Somogyszob","Somogy"
"Somogytúr","Somogy"
"Somogyudvarhely","Somogy"
"Somogyvámos","Somogy"
"Somogyvár","Somogy"
"Somogyviszló","Baranya"
"Somogyzsitfa","Somogy"
"Somoskőújfalu","Nógrád"
"Sonkád","Szabolcs-Szatmár-Bereg"
"Soponya","Fejér"
"Sopron","Győr-Moson-Sopron"
"Sopronhorpács","Győr-Moson-Sopron"
"Sopronkövesd","Győr-Moson-Sopron"
"Sopronnémeti","Győr-Moson-Sopron"
"Sorkifalud","Vas"
"Sorkikápolna","Vas"
"Sormás","Zala"
"Sorokpolány","Vas"
"Sóshartyán","Nógrád"
"Sóskút","Pest"
"Sóstófalva","Borsod-Abaúj-Zemplén"
"Sósvertike","Baranya"
"Sótony","Vas"
"Söjtör","Zala"
"Söpte","Vas"
"Söréd","Fejér"
"Sukoró","Fejér"
"Sumony","Baranya"
"Súr","Komárom-Esztergom"
"Surd","Zala"
"Sükösd","Bács-Kiskun"
"Sülysáp","Pest"
"Sümeg","Veszprém"
"Sümegcsehi","Zala"
"Sümegprága","Veszprém"
"Süttő","Komárom-Esztergom"
"Szabadbattyán","Fejér"
"Szabadegyháza","Fejér"
"Szabadhídvég","Fejér"
"Szabadi","Somogy"
"Szabadkígyós","Békés"
"Szabadszállás","Bács-Kiskun"
"Szabadszentkirály","Baranya"
"Szabás","Somogy"
"Szabolcs","Szabolcs-Szatmár-Bereg"
"Szabolcsbáka","Szabolcs-Szatmár-Bereg"
"Szabolcsveresmart","Szabolcs-Szatmár-Bereg"
"Szada","Pest"
"Szágy","Baranya"
"Szajk","Baranya"
"Szajla","Heves"
"Szajol","Jász-Nagykun-Szolnok"
"Szakácsi","Borsod-Abaúj-Zemplén"
"Szakadát","Tolna"
"Szakáld","Borsod-Abaúj-Zemplén"
"Szakály","Tolna"
"Szakcs","Tolna"
"Szakmár","Bács-Kiskun"
"Szaknyér","Vas"
"Szakoly","Szabolcs-Szatmár-Bereg"
"Szakony","Győr-Moson-Sopron"
"Szakonyfalu","Vas"
"Szákszend","Komárom-Esztergom"
"Szalafő","Vas"
"Szalánta","Baranya"
"Szalapa","Zala"
"Szalaszend","Borsod-Abaúj-Zemplén"
"Szalatnak","Baranya"
"Szálka","Tolna"
"Szalkszentmárton","Bács-Kiskun"
"Szalmatercs","Nógrád"
"Szalonna","Borsod-Abaúj-Zemplén"
"Szamosangyalos","Szabolcs-Szatmár-Bereg"
"Szamosbecs","Szabolcs-Szatmár-Bereg"
"Szamoskér","Szabolcs-Szatmár-Bereg"
"Szamossályi","Szabolcs-Szatmár-Bereg"
"Szamostatárfalva","Szabolcs-Szatmár-Bereg"
"Szamosújlak","Szabolcs-Szatmár-Bereg"
"Szamosszeg","Szabolcs-Szatmár-Bereg"
"Szanda","Nógrád"
"Szank","Bács-Kiskun"
"Szántód","Somogy"
"Szany","Győr-Moson-Sopron"
"Szápár","Veszprém"
"Szaporca","Baranya"
"Szár","Fejér"
"Szárász","Baranya"
"Szárazd","Tolna"
"Szárföld","Győr-Moson-Sopron"
"Szárliget","Komárom-Esztergom"
"Szarvas","Békés"
"Szarvasgede","Nógrád"
"Szarvaskend","Vas"
"Szarvaskő","Heves"
"Szászberek","Jász-Nagykun-Szolnok"
"Szászfa","Borsod-Abaúj-Zemplén"
"Szászvár","Baranya"
"Szatmárcseke","Szabolcs-Szatmár-Bereg"
"Szátok","Nógrád"
"Szatta","Vas"
"Szatymaz","Csongrád"
"Szava","Baranya"
"Százhalombatta","Pest"
"Szebény","Baranya"
"Szécsénke","Nógrád"
"Szécsény","Nógrád"
"Szécsényfelfalu","Nógrád"
"Szécsisziget","Zala"
"Szederkény","Baranya"
"Szedres","Tolna"
"Szeged","Csongrád"
"Szegerdő","Somogy"
"Szeghalom","Békés"
"Szegi","Borsod-Abaúj-Zemplén"
"Szegilong","Borsod-Abaúj-Zemplén"
"Szegvár","Csongrád"
"Székely","Szabolcs-Szatmár-Bereg"
"Székelyszabar","Baranya"
"Székesfehérvár","Fejér"
"Székkutas","Csongrád"
"Szekszárd","Tolna"
"Szeleste","Vas"
"Szelevény","Jász-Nagykun-Szolnok"
"Szellő","Baranya"
"Szemely","Baranya"
"Szemenye","Vas"
"Szemere","Borsod-Abaúj-Zemplén"
"Szendehely","Nógrád"
"Szendrő","Borsod-Abaúj-Zemplén"
"Szendrőlád","Borsod-Abaúj-Zemplén"
"Szenna","Somogy"
"Szenta","Somogy"
"Szentantalfa","Veszprém"
"Szentbalázs","Somogy"
"Szentbékkálla","Veszprém"
"Szentborbás","Somogy"
"Szentdénes","Baranya"
"Szentdomonkos","Heves"
"Szente","Nógrád"
"Szentegát","Baranya"
"Szentendre","Pest"
"Szentes","Csongrád"
"Szentgál","Veszprém"
"Szentgáloskér","Somogy"
"Szentgotthárd","Vas"
"Szentgyörgyvár","Zala"
"Szentgyörgyvölgy","Zala"
"Szentimrefalva","Veszprém"
"Szentistván","Borsod-Abaúj-Zemplén"
"Szentistvánbaksa","Borsod-Abaúj-Zemplén"
"Szentjakabfa","Veszprém"
"Szentkatalin","Baranya"
"Szentkirály","Bács-Kiskun"
"Szentkirályszabadja","Veszprém"
"Szentkozmadombja","Zala"
"Szentlászló","Baranya"
"Szentliszló","Zala"
"Szentlőrinc","Baranya"
"Szentlőrinckáta","Pest"
"Szentmargitfalva","Zala"
"Szentmártonkáta","Pest"
"Szentpéterfa","Vas"
"Szentpéterfölde","Zala"
"Szentpéterszeg","Hajdú-Bihar"
"Szentpéterúr","Zala"
"Szenyér","Somogy"
"Szepetnek","Zala"
"Szerecseny","Győr-Moson-Sopron"
"Szeremle","Bács-Kiskun"
"Szerencs","Borsod-Abaúj-Zemplén"
"Szerep","Hajdú-Bihar"
"Szergény","Vas"
"Szigetbecse","Pest"
"Szigetcsép","Pest"
"Szigethalom","Pest"
"Szigetmonostor","Pest"
"Szigetszentmárton","Pest"
"Szigetszentmiklós","Pest"
"Szigetújfalu","Pest"
"Szigetvár","Baranya"
"Szigliget","Veszprém"
"Szihalom","Heves"
"Szijártóháza","Zala"
"Szikszó","Borsod-Abaúj-Zemplén"
"Szil","Győr-Moson-Sopron"
"Szilágy","Baranya"
"Szilaspogony","Nógrád"
"Szilsárkány","Győr-Moson-Sopron"
"Szilvágy","Zala"
"Szilvás","Baranya"
"Szilvásvárad","Heves"
"Szilvásszentmárton","Somogy"
"Szin","Borsod-Abaúj-Zemplén"
"Szinpetri","Borsod-Abaúj-Zemplén"
"Szirák","Nógrád"
"Szirmabesenyő","Borsod-Abaúj-Zemplén"
"Szob","Pest"
"Szokolya","Pest"
"Szólád","Somogy"
"Szolnok","Jász-Nagykun-Szolnok"
"Szombathely","Vas"
"Szomód","Komárom-Esztergom"
"Szomolya","Borsod-Abaúj-Zemplén"
"Szomor","Komárom-Esztergom"
"Szorgalmatos","Szabolcs-Szatmár-Bereg"
"Szorosad","Somogy"
"Szőc","Veszprém"
"Szőce","Vas"
"Sződ","Pest"
"Sződliget","Pest"
"Szögliget","Borsod-Abaúj-Zemplén"
"Szőke","Baranya"
"Szőkéd","Baranya"
"Szőkedencs","Somogy"
"Szőlősardó","Borsod-Abaúj-Zemplén"
"Szőlősgyörök","Somogy"
"Szörény","Baranya"
"Szúcs","Heves"
"Szuha","Nógrád"
"Szuhafő","Borsod-Abaúj-Zemplén"
"Szuhakálló","Borsod-Abaúj-Zemplén"
"Szuhogy","Borsod-Abaúj-Zemplén"
"Szulimán","Baranya"
"Szulok","Somogy"
"Szurdokpüspöki","Nógrád"
"Szűcsi","Heves"
"Szügy","Nógrád"
"Szűr","Baranya"
"Tab","Somogy"
"Tabajd","Fejér"
"Tabdi","Bács-Kiskun"
"Táborfalva","Pest"
"Tác","Fejér"
"Tagyon","Veszprém"
"Tahitótfalu","Pest"
"Takácsi","Veszprém"
"Tákos","Szabolcs-Szatmár-Bereg"
"Taksony","Pest"
"Taktabáj","Borsod-Abaúj-Zemplén"
"Taktaharkány","Borsod-Abaúj-Zemplén"
"Taktakenéz","Borsod-Abaúj-Zemplén"
"Taktaszada","Borsod-Abaúj-Zemplén"
"Taliándörögd","Veszprém"
"Tállya","Borsod-Abaúj-Zemplén"
"Tamási","Tolna"
"Tanakajd","Vas"
"Táp","Győr-Moson-Sopron"
"Tápióbicske","Pest"
"Tápiógyörgye","Pest"
"Tápióság","Pest"
"Tápiószecső","Pest"
"Tápiószele","Pest"
"Tápiószentmárton","Pest"
"Tápiószőlős","Pest"
"Táplánszentkereszt","Vas"
"Tapolca","Veszprém"
"Tapsony","Somogy"
"Tápszentmiklós","Győr-Moson-Sopron"
"Tar","Nógrád"
"Tarany","Somogy"
"Tarcal","Borsod-Abaúj-Zemplén"
"Tard","Borsod-Abaúj-Zemplén"
"Tardona","Borsod-Abaúj-Zemplén"
"Tardos","Komárom-Esztergom"
"Tarhos","Békés"
"Tarján","Komárom-Esztergom"
"Tarjánpuszta","Győr-Moson-Sopron"
"Tárkány","Komárom-Esztergom"
"Tarnabod","Heves"
"Tarnalelesz","Heves"
"Tarnaméra","Heves"
"Tarnaörs","Heves"
"Tarnaszentmária","Heves"
"Tarnaszentmiklós","Heves"
"Tarnazsadány","Heves"
"Tárnok","Pest"
"Tárnokréti","Győr-Moson-Sopron"
"Tarpa","Szabolcs-Szatmár-Bereg"
"Tarrós","Baranya"
"Táska","Somogy"
"Tass","Bács-Kiskun"
"Taszár","Somogy"
"Tát","Komárom-Esztergom"
"Tata","Komárom-Esztergom"
"Tatabánya","Komárom-Esztergom"
"Tataháza","Bács-Kiskun"
"Tatárszentgyörgy","Pest"
"Tázlár","Bács-Kiskun"
"Téglás","Hajdú-Bihar"
"Tekenye","Zala"
"Tékes","Baranya"
"Teklafalu","Baranya"
"Telekes","Vas"
"Telekgerendás","Békés"
"Teleki","Somogy"
"Telki","Pest"
"Telkibánya","Borsod-Abaúj-Zemplén"
"Tengelic","Tolna"
"Tengeri","Baranya"
"Tengőd","Somogy"
"Tenk","Heves"
"Tényő","Győr-Moson-Sopron"
"Tépe","Hajdú-Bihar"
"Terem","Szabolcs-Szatmár-Bereg"
"Terény","Nógrád"
"Tereske","Nógrád"
"Teresztenye","Borsod-Abaúj-Zemplén"
"Terpes","Heves"
"Tés","Veszprém"
"Tésa","Pest"
"Tésenfa","Baranya"
"Téseny","Baranya"
"Teskánd","Zala"
"Tét","Győr-Moson-Sopron"
"Tetétlen","Hajdú-Bihar"
"Tevel","Tolna"
"Tibolddaróc","Borsod-Abaúj-Zemplén"
"Tiborszállás","Szabolcs-Szatmár-Bereg"
"Tihany","Veszprém"
"Tikos","Somogy"
"Tilaj","Zala"
"Timár","Szabolcs-Szatmár-Bereg"
"Tinnye","Pest"
"Tiszaadony","Szabolcs-Szatmár-Bereg"
"Tiszaalpár","Bács-Kiskun"
"Tiszabábolna","Borsod-Abaúj-Zemplén"
"Tiszabecs","Szabolcs-Szatmár-Bereg"
"Tiszabercel","Szabolcs-Szatmár-Bereg"
"Tiszabezdéd","Szabolcs-Szatmár-Bereg"
"Tiszabő","Jász-Nagykun-Szolnok"
"Tiszabura","Jász-Nagykun-Szolnok"
"Tiszacsécse","Szabolcs-Szatmár-Bereg"
"Tiszacsege","Hajdú-Bihar"
"Tiszacsermely","Borsod-Abaúj-Zemplén"
"Tiszadada","Szabolcs-Szatmár-Bereg"
"Tiszaderzs","Jász-Nagykun-Szolnok"
"Tiszadob","Szabolcs-Szatmár-Bereg"
"Tiszadorogma","Borsod-Abaúj-Zemplén"
"Tiszaeszlár","Szabolcs-Szatmár-Bereg"
"Tiszaföldvár","Jász-Nagykun-Szolnok"
"Tiszafüred","Jász-Nagykun-Szolnok"
"Tiszagyenda","Jász-Nagykun-Szolnok"
"Tiszagyulaháza","Hajdú-Bihar"
"Tiszaigar","Jász-Nagykun-Szolnok"
"Tiszainoka","Jász-Nagykun-Szolnok"
"Tiszajenő","Jász-Nagykun-Szolnok"
"Tiszakanyár","Szabolcs-Szatmár-Bereg"
"Tiszakarád","Borsod-Abaúj-Zemplén"
"Tiszakécske","Bács-Kiskun"
"Tiszakerecseny","Szabolcs-Szatmár-Bereg"
"Tiszakeszi","Borsod-Abaúj-Zemplén"
"Tiszakóród","Szabolcs-Szatmár-Bereg"
"Tiszakürt","Jász-Nagykun-Szolnok"
"Tiszaladány","Borsod-Abaúj-Zemplén"
"Tiszalök","Szabolcs-Szatmár-Bereg"
"Tiszalúc","Borsod-Abaúj-Zemplén"
"Tiszamogyorós","Szabolcs-Szatmár-Bereg"
"Tiszanagyfalu","Szabolcs-Szatmár-Bereg"
"Tiszanána","Heves"
"Tiszaörs","Jász-Nagykun-Szolnok"
"Tiszapalkonya","Borsod-Abaúj-Zemplén"
"Tiszapüspöki","Jász-Nagykun-Szolnok"
"Tiszarád","Szabolcs-Szatmár-Bereg"
"Tiszaroff","Jász-Nagykun-Szolnok"
"Tiszasas","Jász-Nagykun-Szolnok"
"Tiszasüly","Jász-Nagykun-Szolnok"
"Tiszaszalka","Szabolcs-Szatmár-Bereg"
"Tiszaszentimre","Jász-Nagykun-Szolnok"
"Tiszaszentmárton","Szabolcs-Szatmár-Bereg"
"Tiszasziget","Csongrád"
"Tiszaszőlős","Jász-Nagykun-Szolnok"
"Tiszatardos","Borsod-Abaúj-Zemplén"
"Tiszatarján","Borsod-Abaúj-Zemplén"
"Tiszatelek","Szabolcs-Szatmár-Bereg"
"Tiszatenyő","Jász-Nagykun-Szolnok"
"Tiszaug","Bács-Kiskun"
"Tiszaújváros","Borsod-Abaúj-Zemplén"
"Tiszavalk","Borsod-Abaúj-Zemplén"
"Tiszavárkony","Jász-Nagykun-Szolnok"
"Tiszavasvári","Szabolcs-Szatmár-Bereg"
"Tiszavid","Szabolcs-Szatmár-Bereg"
"Tisztaberek","Szabolcs-Szatmár-Bereg"
"Tivadar","Szabolcs-Szatmár-Bereg"
"Tóalmás","Pest"
"Tófalu","Heves"
"Tófej","Zala"
"Tófű","Baranya"
"Tokaj","Borsod-Abaúj-Zemplén"
"Tokod","Komárom-Esztergom"
"Tokodaltáró","Komárom-Esztergom"
"Tokorcs","Vas"
"Tolcsva","Borsod-Abaúj-Zemplén"
"Told","Hajdú-Bihar"
"Tolmács","Nógrád"
"Tolna","Tolna"
"Tolnanémedi","Tolna"
"Tomajmonostora","Jász-Nagykun-Szolnok"
"Tomor","Borsod-Abaúj-Zemplén"
"Tompa","Bács-Kiskun"
"Tompaládony","Vas"
"Tordas","Fejér"
"Tormafölde","Zala"
"Tormás","Baranya"
"Tormásliget","Vas"
"Tornabarakony","Borsod-Abaúj-Zemplén"
"Tornakápolna","Borsod-Abaúj-Zemplén"
"Tornanádaska","Borsod-Abaúj-Zemplén"
"Tornaszentandrás","Borsod-Abaúj-Zemplén"
"Tornaszentjakab","Borsod-Abaúj-Zemplén"
"Tornyiszentmiklós","Zala"
"Tornyosnémeti","Borsod-Abaúj-Zemplén"
"Tornyospálca","Szabolcs-Szatmár-Bereg"
"Torony","Vas"
"Torvaj","Somogy"
"Tószeg","Jász-Nagykun-Szolnok"
"Tótkomlós","Békés"
"Tótszentgyörgy","Baranya"
"Tótszentmárton","Zala"
"Tótszerdahely","Zala"
"Tótújfalu","Somogy"
"Tótvázsony","Veszprém"
"Tök","Pest"
"Tököl","Pest"
"Töltéstava","Győr-Moson-Sopron"
"Tömörd","Vas"
"Tömörkény","Csongrád"
"Törökbálint","Pest"
"Törökkoppány","Somogy"
"Törökszentmiklós","Jász-Nagykun-Szolnok"
"Törtel","Pest"
"Töttös","Baranya"
"Trizs","Borsod-Abaúj-Zemplén"
"Tunyogmatolcs","Szabolcs-Szatmár-Bereg"
"Tura","Pest"
"Túristvándi","Szabolcs-Szatmár-Bereg"
"Túrkeve","Jász-Nagykun-Szolnok"
"Túrony","Baranya"
"Túrricse","Szabolcs-Szatmár-Bereg"
"Tuzsér","Szabolcs-Szatmár-Bereg"
"Türje","Zala"
"Tüskevár","Veszprém"
"Tyukod","Szabolcs-Szatmár-Bereg"
"Udvar","Baranya"
"Udvari","Tolna"
"Ugod","Veszprém"
"Újbarok","Fejér"
"Újcsanálos","Borsod-Abaúj-Zemplén"
"Újdombrád","Szabolcs-Szatmár-Bereg"
"Újfehértó","Szabolcs-Szatmár-Bereg"
"Újhartyán","Pest"
"Újiráz","Hajdú-Bihar"
"Újireg","Tolna"
"Újkenéz","Szabolcs-Szatmár-Bereg"
"Újkér","Győr-Moson-Sopron"
"Újkígyós","Békés"
"Újlengyel","Pest"
"Újléta","Hajdú-Bihar"
"Újlőrincfalva","Heves"
"Újpetre","Baranya"
"Újrónafő","Győr-Moson-Sopron"
"Újsolt","Bács-Kiskun"
"Újszalonta","Békés"
"Újszász","Jász-Nagykun-Szolnok"
"Újszentiván","Csongrád"
"Újszentmargita","Hajdú-Bihar"
"Újszilvás","Pest"
"Újtelek","Bács-Kiskun"
"Újtikos","Hajdú-Bihar"
"Újudvar","Zala"
"Újvárfalva","Somogy"
"Ukk","Veszprém"
"Und","Győr-Moson-Sopron"
"Úny","Komárom-Esztergom"
"Uppony","Borsod-Abaúj-Zemplén"
"Ura","Szabolcs-Szatmár-Bereg"
"Uraiújfalu","Vas"
"Úrhida","Fejér"
"Úri","Pest"
"Úrkút","Veszprém"
"Uszka","Szabolcs-Szatmár-Bereg"
"Uszód","Bács-Kiskun"
"Uzsa","Veszprém"
"Üllés","Csongrád"
"Üllő","Pest"
"Üröm","Pest"
"Vác","Pest"
"Vácduka","Pest"
"Vácegres","Pest"
"Váchartyán","Pest"
"Váckisújfalu","Pest"
"Vácrátót","Pest"
"Vácszentlászló","Pest"
"Vadna","Borsod-Abaúj-Zemplén"
"Vadosfa","Győr-Moson-Sopron"
"Vág","Győr-Moson-Sopron"
"Vágáshuta","Borsod-Abaúj-Zemplén"
"Vaja","Szabolcs-Szatmár-Bereg"
"Vajdácska","Borsod-Abaúj-Zemplén"
"Vajszló","Baranya"
"Vajta","Fejér"
"Vál","Fejér"
"Valkó","Pest"
"Valkonya","Zala"
"Vállaj","Szabolcs-Szatmár-Bereg"
"Vállus","Zala"
"Vámosatya","Szabolcs-Szatmár-Bereg"
"Vámoscsalád","Vas"
"Vámosgyörk","Heves"
"Vámosmikola","Pest"
"Vámosoroszi","Szabolcs-Szatmár-Bereg"
"Vámospércs","Hajdú-Bihar"
"Vámosújfalu","Borsod-Abaúj-Zemplén"
"Vámosszabadi","Győr-Moson-Sopron"
"Váncsod","Hajdú-Bihar"
"Vanyarc","Nógrád"
"Vanyola","Veszprém"
"Várad","Baranya"
"Váralja","Tolna"
"Varászló","Somogy"
"Váraszó","Heves"
"Várbalog","Győr-Moson-Sopron"
"Varbó","Borsod-Abaúj-Zemplén"
"Varbóc","Borsod-Abaúj-Zemplén"
"Várda","Somogy"
"Várdomb","Tolna"
"Várfölde","Zala"
"Varga","Baranya"
"Várgesztes","Komárom-Esztergom"
"Várkesző","Veszprém"
"Várong","Tolna"
"Városföld","Bács-Kiskun"
"Városlőd","Veszprém"
"Várpalota","Veszprém"
"Varsád","Tolna"
"Varsány","Nógrád"
"Várvölgy","Zala"
"Vasad","Pest"
"Vasalja","Vas"
"Vásárosbéc","Baranya"
"Vásárosdombó","Baranya"
"Vásárosfalu","Győr-Moson-Sopron"
"Vásárosmiske","Vas"
"Vásárosnamény","Szabolcs-Szatmár-Bereg"
"Vasasszonyfa","Vas"
"Vasboldogasszony","Zala"
"Vasegerszeg","Vas"
"Vashosszúfalu","Vas"
"Vaskeresztes","Vas"
"Vaskút","Bács-Kiskun"
"Vasmegyer","Szabolcs-Szatmár-Bereg"
"Vaspör","Zala"
"Vassurány","Vas"
"Vasvár","Vas"
"Vaszar","Veszprém"
"Vászoly","Veszprém"
"Vasszécseny","Vas"
"Vasszentmihály","Vas"
"Vasszilvágy","Vas"
"Vát","Vas"
"Vatta","Borsod-Abaúj-Zemplén"
"Vázsnok","Baranya"
"Vécs","Heves"
"Vecsés","Pest"
"Végegyháza","Békés"
"Vejti","Baranya"
"Vékény","Baranya"
"Vekerd","Hajdú-Bihar"
"Velem","Vas"
"Velemér","Vas"
"Velence","Fejér"
"Velény","Baranya"
"Véménd","Baranya"
"Vének","Győr-Moson-Sopron"
"Vép","Vas"
"Vereb","Fejér"
"Veresegyház","Pest"
"Verőce","Pest"
"Verpelét","Heves"
"Verseg","Pest"
"Versend","Baranya"
"Vértesacsa","Fejér"
"Vértesboglár","Fejér"
"Vérteskethely","Komárom-Esztergom"
"Vértessomló","Komárom-Esztergom"
"Vértestolna","Komárom-Esztergom"
"Vértesszőlős","Komárom-Esztergom"
"Vése","Somogy"
"Veszkény","Győr-Moson-Sopron"
"Veszprém","Veszprém"
"Veszprémfajsz","Veszprém"
"Veszprémgalsa","Veszprém"
"Veszprémvarsány","Győr-Moson-Sopron"
"Vésztő","Békés"
"Vezseny","Jász-Nagykun-Szolnok"
"Vid","Veszprém"
"Vigántpetend","Veszprém"
"Villány","Baranya"
"Villánykövesd","Baranya"
"Vilmány","Borsod-Abaúj-Zemplén"
"Vilonya","Veszprém"
"Vilyvitány","Borsod-Abaúj-Zemplén"
"Vinár","Veszprém"
"Vindornyafok","Zala"
"Vindornyalak","Zala"
"Vindornyaszőlős","Zala"
"Visegrád","Pest"
"Visnye","Somogy"
"Visonta","Heves"
"Viss","Borsod-Abaúj-Zemplén"
"Visz","Somogy"
"Viszák","Vas"
"Viszló","Borsod-Abaúj-Zemplén"
"Visznek","Heves"
"Vitnyéd","Győr-Moson-Sopron"
"Vízvár","Somogy"
"Vizslás","Nógrád"
"Vizsoly","Borsod-Abaúj-Zemplén"
"Vokány","Baranya"
"Vonyarcvashegy","Zala"
"Vöckönd","Zala"
"Völcsej","Győr-Moson-Sopron"
"Vönöck","Vas"
"Vöröstó","Veszprém"
"Vörs","Somogy"
"Zabar","Nógrád"
"Zádor","Baranya"
"Zádorfalva","Borsod-Abaúj-Zemplén"
"Zagyvarékas","Jász-Nagykun-Szolnok"
"Zagyvaszántó","Heves"
"Záhony","Szabolcs-Szatmár-Bereg"
"Zajk","Zala"
"Zajta","Szabolcs-Szatmár-Bereg"
"Zákány","Somogy"
"Zákányfalu","Somogy"
"Zákányszék","Csongrád"
"Zala","Somogy"
"Zalaapáti","Zala"
"Zalabaksa","Zala"
"Zalabér","Zala"
"Zalaboldogfa","Zala"
"Zalacsány","Zala"
"Zalacséb","Zala"
"Zalaegerszeg","Zala"
"Zalaerdőd","Veszprém"
"Zalagyömörő","Veszprém"
"Zalahaláp","Veszprém"
"Zalaháshágy","Zala"
"Zalaigrice","Zala"
"Zalaistvánd","Zala"
"Zalakaros","Zala"
"Zalakomár","Zala"
"Zalaköveskút","Zala"
"Zalalövő","Zala"
"Zalameggyes","Veszprém"
"Zalamerenye","Zala"
"Zalasárszeg","Zala"
"Zalaszabar","Zala"
"Zalaszántó","Zala"
"Zalaszegvár","Veszprém"
"Zalaszentbalázs","Zala"
"Zalaszentgrót","Zala"
"Zalaszentgyörgy","Zala"
"Zalaszentiván","Zala"
"Zalaszentjakab","Zala"
"Zalaszentlászló","Zala"
"Zalaszentlőrinc","Zala"
"Zalaszentmárton","Zala"
"Zalaszentmihály","Zala"
"Zalaszombatfa","Zala"
"Zaláta","Baranya"
"Zalatárnok","Zala"
"Zalaújlak","Zala"
"Zalavár","Zala"
"Zalavég","Zala"
"Zalkod","Borsod-Abaúj-Zemplén"
"Zamárdi","Somogy"
"Zámoly","Fejér"
"Zánka","Veszprém"
"Zaránk","Heves"
"Závod","Tolna"
"Zebecke","Zala"
"Zebegény","Pest"
"Zemplénagárd","Borsod-Abaúj-Zemplén"
"Zengővárkony","Baranya"
"Zichyújfalu","Fejér"
"Zics","Somogy"
"Ziliz","Borsod-Abaúj-Zemplén"
"Zimány","Somogy"
"Zirc","Veszprém"
"Zók","Baranya"
"Zomba","Tolna"
"Zubogy","Borsod-Abaúj-Zemplén"
"Zsadány","Békés"
"Zsáka","Hajdú-Bihar"
"Zsámbék","Pest"
"Zsámbok","Pest"
"Zsana","Bács-Kiskun"
"Zsarolyán","Szabolcs-Szatmár-Bereg"
"Zsebeháza","Győr-Moson-Sopron"
"Zsédeny","Vas"
"Zselickisfalud","Somogy"
"Zselickislak","Somogy"
"Zselicszentpál","Somogy"
"Zsennye","Vas"
"Zsira","Győr-Moson-Sopron"
"Zsombó","Csongrád"
"Zsujta","Borsod-Abaúj-Zemplén"
"Zsurk","Szabolcs-Szatmár-Bereg"
